0 AIM
1 31304U 07015A   22313.54102333  .00017904  00000-0  82428-3 0  9994
2 31304  97.8568 238.3670 0002661 212.4734 147.6337 15.20372201853216
0 AIM
1 31304U 07015A   22313.73846798  .00017443  00000-0  80303-3 0  9993
2 31304  97.8568 238.5725 0002657 209.6529 150.4554 15.20379275853248
0 AIM
1 31304U 07015A   22313.73846798  .00017443  00000-0  80303-3 0  9993
2 31304  97.8568 238.5725 0002657 209.6529 150.4554 15.20379275853248
0 AIM
1 31304U 07015A   22314.52823862  .00012453  00000-0  57436-3 0  9995
2 31304  97.8571 239.3954 0002709 204.8048 155.3057 15.20398859853360
0 AIM
1 31304U 07015A   22314.79149277  .00012852  00000-0  59248-3 0  9991
2 31304  97.8572 239.6695 0002740 204.7978 155.3125 15.20407170853400
0 AIM
1 31304U 07015A   22314.79149277  .00012852  00000-0  59248-3 0  9991
2 31304  97.8572 239.6695 0002740 204.7978 155.3125 15.20407170853400
0 AIM
1 31304U 07015A   22315.51543721  .00012476  00000-0  57500-3 0  9995
2 31304  97.8572 240.4236 0002844 201.2755 158.8362 15.20424143853513
0 AIM
1 31304U 07015A   22315.77868721  .00012882  00000-0  59343-3 0  9991
2 31304  97.8570 240.6979 0002882 200.3362 159.7758 15.20431987853550
0 AIM
1 31304U 07015A   22316.04193608  .00013616  00000-0  62685-3 0  9996
2 31304  97.8570 240.9720 0002914 199.6572 160.4550 15.20439209853594
0 AIM
1 31304U 07015A   22316.37099530  .00014513  00000-0  66763-3 0  9999
2 31304  97.8570 241.3150 0002938 198.5407 161.5720 15.20449750853646
0 AIM
1 31304U 07015A   22316.76586390  .00012819  00000-0  59008-3 0  9998
2 31304  97.8568 241.7264 0002981 197.3298 162.7834 15.20459054853700
0 AIM
1 31304U 07015A   22317.35816170  .00011809  00000-0  54369-3 0  9999
2 31304  97.8568 242.3436 0003047 195.0722 165.0422 15.20473680853798
0 AIM
1 31304U 07015A   22317.35816170  .00011809  00000-0  54369-3 0  9999
2 31304  97.8568 242.3436 0003047 195.0722 165.0422 15.20473680853798
0 AIM
1 31304U 07015A   22317.81883396  .00011896  00000-0  54745-3 0  9998
2 31304  97.8567 242.8237 0003080 193.6198 166.4953 15.20485422853868
0 AIM
1 31304U 07015A   22318.34531211  .00011858  00000-0  54553-3 0  9998
2 31304  97.8566 243.3724 0003113 190.2766 169.8405 15.20498833853943
0 AIM
1 31304U 07015A   22318.80597669  .00010928  00000-0  50291-3 0  9990
2 31304  97.8567 243.8526 0003168 188.1155 172.0028 15.20509681854017
0 AIM
1 31304U 07015A   22318.80597669  .00010928  00000-0  50291-3 0  9990
2 31304  97.8567 243.8526 0003168 188.1155 172.0028 15.20509681854017
0 AIM
1 31304U 07015A   22319.33244648  .00011106  00000-0  51082-3 0  9993
2 31304  97.8567 244.4014 0003278 185.2235 174.8965 15.20522701854091
0 AIM
1 31304U 07015A   22319.79310461  .00010514  00000-0  48371-3 0  9999
2 31304  97.8567 244.8815 0003331 183.2799 176.8414 15.20532210854162
0 AIM
1 31304U 07015A   22320.51699008  .00009029  00000-0  41576-3 0  9997
2 31304  97.8565 245.6358 0003439 180.2649 179.8583 15.20545207854273
0 AIM
1 31304U 07015A   22320.51699008  .00009029  00000-0  41576-3 0  9997
2 31304  97.8565 245.6358 0003439 180.2649 179.8583 15.20545207854273
0 AIM
1 31304U 07015A   22320.78021942  .00009033  00000-0  41590-3 0  9993
2 31304  97.8566 245.9101 0003473 179.6113 180.5125 15.20550859854314
0 AIM
1 31304U 07015A   22321.37248257  .00008935  00000-0  41131-3 0  9990
2 31304  97.8564 246.5272 0003523 177.3493 182.7761 15.20561776854400
0 AIM
1 31304U 07015A   22321.83312868  .00008520  00000-0  39229-3 0  9996
2 31304  97.8565 247.0072 0003570 176.2513 183.8749 15.20570059854477
0 AIM
1 31304U 07015A   22321.83312880  .00008848  00000-0  40724-3 0  9995
2 31304  97.8566 247.0072 0003560 176.2074 183.9188 15.20569922854474
0 AIM
1 31304U 07015A   22321.83312880  .00008848  00000-0  40724-3 0  9995
2 31304  97.8566 247.0072 0003560 176.2074 183.9188 15.20569922854474
0 AIM
1 31304U 07015A   22322.55699640  .00009679  00000-0  44494-3 0  9998
2 31304  97.8567 247.7615 0003657 173.1905 186.9379 15.20584112854586
0 AIM
1 31304U 07015A   22323.54407782  .00010135  00000-0  46542-3 0  9997
2 31304  97.8570 248.7902 0003787 170.6027 189.5278 15.20603355854736
0 AIM
1 31304U 07015A   22323.54407782  .00010135  00000-0  46542-3 0  9997
2 31304  97.8570 248.7902 0003787 170.6027 189.5278 15.20603355854736
0 AIM
1 31304U 07015A   22324.53114607  .00009078  00000-0  41708-3 0  9991
2 31304  97.8573 249.8190 0003902 166.4348 193.6991 15.20621906854884
0 AIM
1 31304U 07015A   22324.86016570  .00008924  00000-0  40999-3 0  9997
2 31304  97.8576 250.1620 0003935 165.6179 194.5168 15.20628788854936
0 AIM
1 31304U 07015A   22324.86016570  .00008924  00000-0  40999-3 0  9997
2 31304  97.8576 250.1620 0003935 165.6179 194.5168 15.20628788854936
0 AIM
1 31304U 07015A   22325.38659488  .00010074  00000-0  46214-3 0  9991
2 31304  97.8579 250.7106 0003994 163.7202 196.4161 15.20640531855019
0 AIM
1 31304U 07015A   22325.84721793  .00009546  00000-0  43804-3 0  9995
2 31304  97.8580 251.1906 0004041 162.2724 197.8652 15.20648095855081
0 AIM
1 31304U 07015A   22326.04462696  .00009666  00000-0  44344-3 0  9995
2 31304  97.8581 251.3965 0004069 161.7379 198.4002 15.20651762855114
0 AIM
1 31304U 07015A   22326.37364101  .00008073  00000-0  37094-3 0  9998
2 31304  97.8582 251.7394 0004107 160.7939 199.3451 15.20655453855163
0 AIM
1 31304U 07015A   22326.76845634  .00007719  00000-0  35480-3 0  9999
2 31304  97.8583 252.1509 0004144 159.7295 200.4105 15.20661814855226
0 AIM
1 31304U 07015A   22327.55808237  .00007960  00000-0  36562-3 0  9995
2 31304  97.8586 252.9739 0004232 157.3747 202.7675 15.20674847855346
0 AIM
1 31304U 07015A   22327.55808237  .00007960  00000-0  36562-3 0  9995
2 31304  97.8586 252.9739 0004232 157.3747 202.7675 15.20674847855346
0 AIM
1 31304U 07015A   22327.75548748  .00007918  00000-0  36365-3 0  9999
2 31304  97.8586 253.1797 0004238 157.0212 203.1212 15.20678495855371
0 AIM
1 31304U 07015A   22328.34770156  .00008212  00000-0  37691-3 0  9996
2 31304  97.8588 253.7970 0004318 155.3597 204.7844 15.20688200855461
0 AIM
1 31304U 07015A   22328.74250871  .00007949  00000-0  36491-3 0  9990
2 31304  97.8588 254.2085 0004358 154.1590 205.9862 15.20694204855529
0 AIM
1 31304U 07015A   22328.87411070  .00007980  00000-0  36630-3 0  9994
2 31304  97.8589 254.3457 0004379 153.7326 206.4131 15.20696470855543
0 AIM
1 31304U 07015A   22329.53211755  .00009865  00000-0  45170-3 0  9999
2 31304  97.8591 255.0318 0004451 151.3098 208.8382 15.20710450855641
0 AIM
1 31304U 07015A   22329.79531882  .00009399  00000-0  43049-3 0  9998
2 31304  97.8591 255.3062 0004478 150.4699 209.6788 15.20714717855689
0 AIM
1 31304U 07015A   22330.05851920  .00009451  00000-0  43280-3 0  9993
2 31304  97.8591 255.5805 0004505 149.4802 210.6695 15.20719528855720
0 AIM
1 31304U 07015A   22330.51911723  .00009331  00000-0  42723-3 0  9990
2 31304  97.8590 256.0607 0004568 148.0135 212.1377 15.20728456855799
0 AIM
1 31304U 07015A   22330.84811414  .00009056  00000-0  41467-3 0  9990
2 31304  97.8590 256.4037 0004596 147.1175 213.0345 15.20734967855840
0 AIM
1 31304U 07015A   22331.37450625  .00007707  00000-0  35340-3 0  9996
2 31304  97.8589 256.9526 0004650 145.8364 214.3171 15.20743643855923
0 AIM
1 31304U 07015A   22331.76929862  .00007187  00000-0  32975-3 0  9996
2 31304  97.8589 257.3642 0004682 144.9534 215.2009 15.20749839855980
0 AIM
1 31304U 07015A   22332.75627027  .00008875  00000-0  40603-3 0  9996
2 31304  97.8587 258.3934 0004770 142.0607 218.0964 15.20770897856138
0 AIM
1 31304U 07015A   22332.75627031  .00008851  00000-0  40494-3 0  9993
2 31304  97.8587 258.3934 0004778 142.0706 218.0866 15.20770804856135
0 AIM
1 31304U 07015A   22333.54583827  .00009889  00000-0  45176-3 0  9999
2 31304  97.8586 259.2169 0004900 140.3834 219.7759 15.20787884856252
0 AIM
1 31304U 07015A   22333.80902579  .00010572  00000-0  48255-3 0  9999
2 31304  97.8586 259.4916 0004903 138.9284 221.2320 15.20794661856296
0 AIM
1 31304U 07015A   22334.53278721  .00009136  00000-0  41743-3 0  9994
2 31304  97.8586 260.2463 0005010 136.9075 223.2552 15.20806446856406
0 AIM
1 31304U 07015A   22334.73017524  .00009286  00000-0  42415-3 0  9991
2 31304  97.8587 260.4520 0005005 136.6094 223.5535 15.20810889856438
0 AIM
1 31304U 07015A   22335.05915456  .00009083  00000-0  41489-3 0  9993
2 31304  97.8587 260.7952 0005019 135.8517 224.3118 15.20816892856487
0 AIM
1 31304U 07015A   22335.25654094  .00009612  00000-0  43874-3 0  9991
2 31304  97.8585 261.0010 0005035 135.1166 225.0476 15.20822367856518
0 AIM
1 31304U 07015A   22336.04608282  .00010057  00000-0  45867-3 0  9996
2 31304  97.8587 261.8243 0005113 132.8626 227.3038 15.20838882856639
0 AIM
1 31304U 07015A   22336.83561598  .00008911  00000-0  40667-3 0  9990
2 31304  97.8588 262.6475 0005149 131.3093 228.8585 15.20854402856759
0 AIM
1 31304U 07015A   22337.55934837  .00009341  00000-0  42594-3 0  9999
2 31304  97.8592 263.4023 0005198 129.5445 230.6249 15.20867841856867
0 AIM
1 31304U 07015A   22337.75672847  .00009397  00000-0  42840-3 0  9996
2 31304  97.8592 263.6081 0005194 129.2279 230.9417 15.20872351856896
0 AIM
1 31304U 07015A   22338.34886620  .00008918  00000-0  40661-3 0  9995
2 31304  97.8594 264.2256 0005244 127.6903 232.4807 15.20883610856981
0 AIM
1 31304U 07015A   22338.54624434  .00009318  00000-0  42464-3 0  9998
2 31304  97.8595 264.4314 0005278 127.1015 233.0703 15.20887621857018
0 AIM
1 31304U 07015A   22339.26995791  .00011859  00000-0  53898-3 0  9991
2 31304  97.8598 265.1861 0005353 125.2668 234.9068 15.20908709857120
0 AIM
1 31304U 07015A   22339.53312475  .00011908  00000-0  54108-3 0  9993
2 31304  97.8599 265.4605 0005398 124.5003 235.6741 15.20914873857163
0 AIM
1 31304U 07015A   22339.79629025  .00011539  00000-0  52437-3 0  9996
2 31304  97.8600 265.7350 0005433 123.7232 236.4520 15.20921393857205
0 AIM
1 31304U 07015A   22340.51998956  .00010628  00000-0  48307-3 0  9999
2 31304  97.8601 266.4897 0005553 121.3580 238.8198 15.20937965857314
0 AIM
1 31304U 07015A   22340.84894099  .00009870  00000-0  44877-3 0  9993
2 31304  97.8601 266.8327 0005564 120.5542 239.6242 15.20945251857368
0 AIM
1 31304U 07015A   22341.37526063  .00010974  00000-0  49837-3 0  9993
2 31304  97.8603 267.3816 0005591 119.3011 240.8782 15.20957354857445
0 AIM
1 31304U 07015A   22342.23051859  .00015139  00000-0  68528-3 0  9991
2 31304  97.8605 268.2735 0005589 117.5554 242.6249 15.20984252857575
0 AIM
1 31304U 07015A   22342.55946010  .00014927  00000-0  67556-3 0  9992
2 31304  97.8607 268.6168 0005603 117.1718 243.0088 15.20993591857624
0 AIM
1 31304U 07015A   22343.21733659  .00015330  00000-0  69326-3 0  9995
2 31304  97.8607 269.3033 0005694 115.6485 244.5338 15.21014610857729
0 AIM
1 31304U 07015A   22343.80941856  .00013250  00000-0  59953-3 0  9994
2 31304  97.8609 269.9210 0005733 113.9296 246.2539 15.21029627857815
0 AIM
1 31304U 07015A   22344.33570861  .00012118  00000-0  54849-3 0  9998
2 31304  97.8610 270.4701 0005791 112.6782 247.5065 15.21042760857898
0 AIM
1 31304U 07015A   22344.79620802  .00012683  00000-0  57364-3 0  9991
2 31304  97.8610 270.9505 0005837 111.5410 248.6447 15.21056318857960
0 AIM
1 31304U 07015A   22344.86199352  .00012281  00000-0  55555-3 0  9994
2 31304  97.8609 271.0191 0005836 111.3747 248.8111 15.21057288857979
0 AIM
1 31304U 07015A   22345.38827369  .00011884  00000-0  53755-3 0  9996
2 31304  97.8609 271.5683 0005892 110.1346 250.0522 15.21070777858053
0 AIM
1 31304U 07015A   22346.37503538  .00012990  00000-0  58666-3 0  9990
2 31304  97.8608 272.5979 0005932 107.8240 252.3641 15.21098749858205
0 AIM
1 31304U 07015A   22346.37503538  .00012990  00000-0  58666-3 0  9990
2 31304  97.8608 272.5979 0005932 107.8240 252.3641 15.21098749858205
0 AIM
1 31304U 07015A   22347.55912703  .00012558  00000-0  56681-3 0  9994
2 31304  97.8604 273.8335 0005957 105.3457 254.8436 15.21129421858381
0 AIM
1 31304U 07015A   22347.55912703  .00012558  00000-0  56681-3 0  9994
2 31304  97.8604 273.8335 0005957 105.3457 254.8436 15.21129421858381
0 AIM
1 31304U 07015A   22348.54585053  .00013095  00000-0  59033-3 0  9999
2 31304  97.8606 274.8632 0006054 102.6805 257.5106 15.21157788858538
0 AIM
1 31304U 07015A   22348.74319277  .00013261  00000-0  59766-3 0  9992
2 31304  97.8604 275.0691 0006011 102.4659 257.7248 15.21163878858561
0 AIM
1 31304U 07015A   22348.87475403  .00013004  00000-0  58613-3 0  9995
2 31304  97.8604 275.2064 0006004 102.1974 257.9933 15.21167124858589
0 AIM
1 31304U 07015A   22349.07209552  .00012986  00000-0  58524-3 0  9997
2 31304  97.8605 275.4123 0006020 101.6823 258.5087 15.21171974858612
0 AIM
1 31304U 07015A   22349.79567271  .00014832  00000-0  66727-3 0  9997
2 31304  97.8605 276.1675 0006082  99.8387 260.3534 15.21197262858721
0 AIM
1 31304U 07015A   22350.05878940  .00013820  00000-0  62197-3 0  9999
2 31304  97.8604 276.4420 0006129  99.0422 261.1507 15.21203417858768
0 AIM
1 31304U 07015A   22350.05878940  .00013820  00000-0  62197-3 0  9999
2 31304  97.8604 276.4420 0006129  99.0422 261.1507 15.21203417858768
0 AIM
1 31304U 07015A   22350.51923982  .00013539  00000-0  60915-3 0  9990
2 31304  97.8604 276.9226 0006171  98.0022 262.1913 15.21217691858838
0 AIM
1 31304U 07015A   22350.78235235  .00013299  00000-0  59829-3 0  9991
2 31304  97.8603 277.1971 0006164  97.3448 262.8487 15.21225945858871
0 AIM
1 31304U 07015A   22351.37435148  .00013283  00000-0  59727-3 0  9992
2 31304  97.8604 277.8150 0006139  96.2652 263.9282 15.21242236858962
0 AIM
1 31304U 07015A   22351.37435148  .00013283  00000-0  59727-3 0  9992
2 31304  97.8604 277.8150 0006139  96.2652 263.9282 15.21242236858962
0 AIM
1 31304U 07015A   22351.76901398  .00013299  00000-0  59781-3 0  9997
2 31304  97.8604 278.2268 0006132  95.3778 264.8156 15.21253432859027
0 AIM
1 31304U 07015A   22352.36100355  .00012600  00000-0  56639-3 0  9992
2 31304  97.8605 278.8446 0006114  93.9502 266.2431 15.21267168859114
0 AIM
1 31304U 07015A   22352.68988411  .00013051  00000-0  58635-3 0  9993
2 31304  97.8605 279.1879 0006113  93.1958 266.9976 15.21275747859162
0 AIM
1 31304U 07015A   22352.75565983  .00013117  00000-0  58928-3 0  9994
2 31304  97.8605 279.2565 0006117  93.0570 267.1365 15.21277891859176
0 AIM
1 31304U 07015A   22353.28186369  .00014721  00000-0  66044-3 0  9990
2 31304  97.8607 279.8057 0006126  91.9694 268.2242 15.21293789859253
0 AIM
1 31304U 07015A   22353.74228713  .00015418  00000-0  69119-3 0  9991
2 31304  97.8608 280.2862 0006147  90.7390 269.4549 15.21308818859328
0 AIM
1 31304U 07015A   22353.80806145  .00015388  00000-0  68983-3 0  9993
2 31304  97.8608 280.3548 0006152  90.5962 269.5977 15.21311054859332
0 AIM
1 31304U 07015A   22354.53157375  .00014333  00000-0  64242-3 0  9991
2 31304  97.8611 281.1099 0006263  88.9826 271.2126 15.21333459859440
0 AIM
1 31304U 07015A   22355.51816486  .00013501  00000-0  60488-3 0  9999
2 31304  97.8614 282.1395 0006253  86.7401 273.4549 15.21361721859599
0 AIM
1 31304U 07015A   22355.51816486  .00013501  00000-0  60488-3 0  9999
2 31304  97.8614 282.1395 0006253  86.7401 273.4549 15.21361721859599
0 AIM
1 31304U 07015A   22356.37319673  .00011907  00000-0  53365-3 0  9994
2 31304  97.8617 283.0320 0006197  84.8817 275.3124 15.21382784859724
0 AIM
1 31304U 07015A   22356.70205212  .00013187  00000-0  59041-3 0  9993
2 31304  97.8617 283.3753 0006185  84.1830 276.0109 15.21392394859776
0 AIM
1 31304U 07015A   22356.70205212  .00013187  00000-0  59041-3 0  9993
2 31304  97.8617 283.3753 0006185  84.1830 276.0109 15.21392394859776
0 AIM
1 31304U 07015A   22357.55706773  .00012959  00000-0  57991-3 0  9993
2 31304  97.8621 284.2678 0006187  82.0824 278.1113 15.21413110859902
0 AIM
1 31304U 07015A   22357.75437701  .00013863  00000-0  61995-3 0  9991
2 31304  97.8621 284.4738 0006163  81.5694 278.6239 15.21419864859933
0 AIM
1 31304U 07015A   22358.54360751  .00013411  00000-0  59949-3 0  9994
2 31304  97.8624 285.2978 0006189  79.7621 280.4311 15.21440929860051
0 AIM
1 31304U 07015A   22358.74091341  .00013198  00000-0  58995-3 0  9994
2 31304  97.8624 285.5038 0006205  79.3101 280.8832 15.21446480860082
0 AIM
1 31304U 07015A   22359.06975552  .00011915  00000-0  53295-3 0  9998
2 31304  97.8624 285.8473 0006214  78.4619 281.7313 15.21452750860139
0 AIM
1 31304U 07015A   22359.53013109  .00010022  00000-0  44879-3 0  9997
2 31304  97.8623 286.3280 0006267  77.5394 282.6542 15.21462744860204
0 AIM
1 31304U 07015A   22360.51664065  .00011144  00000-0  49825-3 0  9992
2 31304  97.8622 287.3582 0006263  75.2438 284.9490 15.21485419860356
0 AIM
1 31304U 07015A   22361.24007044  .00012660  00000-0  56514-3 0  9998
2 31304  97.8619 288.1137 0006190  73.4253 286.7661 15.21505248860466
0 AIM
1 31304U 07015A   22361.30583626  .00015186  00000-0  67689-3 0  9991
2 31304  97.8619 288.1824 0006189  73.2697 286.9216 15.21510019860478
0 AIM
1 31304U 07015A   22361.76619425  .00014624  00000-0  65176-3 0  9993
2 31304  97.8618 288.6631 0006146  72.1910 287.9995 15.21523630860543
0 AIM
1 31304U 07015A   22363.27877100  .00011206  00000-0  49983-3 0  9998
2 31304  97.8615 290.2428 0006148  68.6966 291.4924 15.21564066860771
0 AIM
1 31304U 07015A   22363.27877100  .00011206  00000-0  49983-3 0  9998
2 31304  97.8615 290.2428 0006148  68.6966 291.4924 15.21564066860771
0 AIM
1 31304U 07015A   22364.52826133  .00015754  00000-0  70015-3 0  9999
2 31304  97.8616 291.5479 0006128  66.3700 293.8177 15.21601625860961
0 AIM
1 31304U 07015A   22364.52826133  .00015754  00000-0  70015-3 0  9999
2 31304  97.8616 291.5479 0006128  66.3700 293.8177 15.21601625860961
0 AIM
1 31304U 07015A   22365.38315550  .00016115  00000-0  71547-3 0  9993
2 31304  97.8615 292.4405 0006102  64.2800 295.9064 15.21631611861090
0 AIM
1 31304U 07015A   22365.77771653  .00015006  00000-0  66633-3 0  9994
2 31304  97.8615 292.8525 0006073  63.3421 296.8435 15.21644255861150
0 AIM
1 31304U 07015A   22365.77771653  .00015006  00000-0  66633-3 0  9994
2 31304  97.8615 292.8525 0006073  63.3421 296.8435 15.21644255861150
0 AIM
1 31304U 07015A   23001.36955239  .00015660  00000-0  69476-3 0  9995
2 31304  97.8616 293.4706 0006053  61.8145 298.3700 15.21663433861244
0 AIM
1 31304U 07015A   23001.69834704  .00015079  00000-0  66900-3 0  9997
2 31304  97.8616 293.8139 0006014  61.0426 299.1411 15.21672733861295
0 AIM
1 31304U 07015A   23002.22441397  .00016158  00000-0  71614-3 0  9996
2 31304  97.8618 294.3633 0005957  59.5678 300.6145 15.21689917861371
0 AIM
1 31304U 07015A   23002.55320328  .00013824  00000-0  61326-3 0  9998
2 31304  97.8621 294.7067 0005951  58.9203 301.2615 15.21696845861424
0 AIM
1 31304U 07015A   23003.53955851  .00012837  00000-0  56932-3 0  9992
2 31304  97.8625 295.7369 0005916  57.0045 303.1758 15.21724607861572
0 AIM
1 31304U 07015A   23003.53955851  .00012837  00000-0  56932-3 0  9992
2 31304  97.8625 295.7369 0005916  57.0045 303.1758 15.21724607861572
0 AIM
1 31304U 07015A   23004.52589554  .00016676  00000-0  73751-3 0  9998
2 31304  97.8628 296.7671 0005897  55.0516 305.1272 15.21757294861729
0 AIM
1 31304U 07015A   23004.59165012  .00018909  00000-0  83543-3 0  9995
2 31304  97.8629 296.8358 0005880  54.8491 305.3293 15.21762585861739
0 AIM
1 31304U 07015A   23005.05193221  .00016919  00000-0  74778-3 0  9999
2 31304  97.8629 297.3166 0005851  53.7056 306.4718 15.21775915861808
0 AIM
1 31304U 07015A   23005.31494795  .00016296  00000-0  72023-3 0  9997
2 31304  97.8630 297.5913 0005804  52.9749 307.2016 15.21785450861849
0 AIM
1 31304U 07015A   23005.31494795  .00016296  00000-0  72023-3 0  9997
2 31304  97.8630 297.5913 0005804  52.9749 307.2016 15.21785450861849
0 AIM
1 31304U 07015A   23006.56425121  .00016691  00000-0  73662-3 0  9991
2 31304  97.8633 298.8964 0005666  49.7158 310.4571 15.21830553862035
0 AIM
1 31304U 07015A   23006.56425121  .00016691  00000-0  73662-3 0  9991
2 31304  97.8633 298.8964 0005666  49.7158 310.4571 15.21830553862035
0 AIM
1 31304U 07015A   23007.55051666  .00018574  00000-0  81819-3 0  9995
2 31304  97.8638 299.9270 0005620  47.7239 312.4471 15.21869032862181
0 AIM
1 31304U 07015A   23008.07651592  .00017906  00000-0  78858-3 0  9994
2 31304  97.8635 300.4767 0005594  46.3807 313.7891 15.21886452862267
0 AIM
1 31304U 07015A   23008.07651592  .00017906  00000-0  78858-3 0  9994
2 31304  97.8635 300.4767 0005594  46.3807 313.7891 15.21886452862267
0 AIM
1 31304U 07015A   23009.52298027  .00016620  00000-0  73123-3 0  9997
2 31304  97.8636 301.9884 0005480  43.3781 316.7884 15.21936650862481
0 AIM
1 31304U 07015A   23009.52298027  .00016620  00000-0  73123-3 0  9997
2 31304  97.8636 301.9884 0005480  43.3781 316.7884 15.21936650862481
0 AIM
1 31304U 07015A   23010.37768705  .00017335  00000-0  76181-3 0  9998
2 31304  97.8633 302.8816 0005445  41.6565 318.5084 15.21966757862613
0 AIM
1 31304U 07015A   23010.77216100  .00017441  00000-0  76614-3 0  9998
2 31304  97.8633 303.2939 0005406  40.6913 319.4725 15.21981394862679
0 AIM
1 31304U 07015A   23010.77216100  .00017441  00000-0  76614-3 0  9998
2 31304  97.8633 303.2939 0005406  40.6913 319.4725 15.21981394862679
0 AIM
1 31304U 07015A   23011.56109678  .00021588  00000-0  94599-3 0  9996
2 31304  97.8632 304.1185 0005325  38.8078 321.3538 15.22016096862798
0 AIM
1 31304U 07015A   23012.08704347  .00022347  00000-0  97836-3 0  9999
2 31304  97.8632 304.6683 0005263  37.5884 322.5718 15.22040019862872
0 AIM
1 31304U 07015A   23012.35001372  .00021586  00000-0  94496-3 0  9990
2 31304  97.8632 304.9431 0005206  36.8680 323.2912 15.22051548862917
0 AIM
1 31304U 07015A   23013.53335465  .00022170  00000-0  96880-3 0  9993
2 31304  97.8628 306.1803 0005084  35.4275 324.7297 15.22105972863091
0 AIM
1 31304U 07015A   23014.51943692  .00024940  00000-0  10874-2 0  9994
2 31304  97.8626 307.2110 0004957  32.9844 327.1699 15.22158379863243
0 AIM
1 31304U 07015A   23014.51943692  .00024940  00000-0  10874-2 0  9994
2 31304  97.8626 307.2110 0004957  32.9844 327.1699 15.22158379863243
0 AIM
1 31304U 07015A   23015.24254362  .00028432  00000-0  12372-2 0  9999
2 31304  97.8624 307.9666 0004811  30.8780 329.2737 15.22197792863359
0 AIM
1 31304U 07015A   23015.76842614  .00026921  00000-0  11708-2 0  9992
2 31304  97.8625 308.5166 0004775  29.0650 331.0850 15.22227964863438
0 AIM
1 31304U 07015A   23015.76842614  .00026921  00000-0  11708-2 0  9992
2 31304  97.8625 308.5166 0004775  29.0650 331.0850 15.22227964863438
0 AIM
1 31304U 07015A   23016.36002986  .00033022  00000-0  14324-2 0  9996
2 31304  97.8626 309.1348 0004678  28.1824 331.9663 15.22271548863521
0 AIM
1 31304U 07015A   23016.55722786  .00029188  00000-0  12668-2 0  9991
2 31304  97.8628 309.3411 0004648  27.3968 332.7511 15.22280359863557
0 AIM
1 31304U 07015A   23016.88588826  .00027199  00000-0  11804-2 0  9993
2 31304  97.8627 309.6846 0004597  26.0021 334.1444 15.22298691863605
0 AIM
1 31304U 07015A   23017.54319826  .00025749  00000-0  11168-2 0  9991
2 31304  97.8629 310.3719 0004549  25.7442 334.4019 15.22331277863705
0 AIM
1 31304U 07015A   23017.54319826  .00025749  00000-0  11168-2 0  9991
2 31304  97.8629 310.3719 0004549  25.7442 334.4019 15.22331277863705
0 AIM
1 31304U 07015A   23018.52913727  .00029675  00000-0  12840-2 0  9990
2 31304  97.8629 311.4027 0004391  24.0089 336.1350 15.22382776863856
0 AIM
1 31304U 07015A   23018.79204826  .00029873  00000-0  12919-2 0  9999
2 31304  97.8629 311.6776 0004376  23.2349 336.9083 15.22398563863898
0 AIM
1 31304U 07015A   23018.79204826  .00029873  00000-0  12919-2 0  9999
2 31304  97.8629 311.6776 0004376  23.2349 336.9083 15.22398563863898
0 AIM
1 31304U 07015A   23019.38358990  .00026184  00000-0  11324-2 0  9998
2 31304  97.8635 312.2958 0004263  21.7902 338.3513 15.22426969863983
0 AIM
1 31304U 07015A   23019.38358990  .00026184  00000-0  11324-2 0  9998
2 31304  97.8635 312.2958 0004263  21.7902 338.3513 15.22426969863983
0 AIM
1 31304U 07015A   23020.36946546  .00025729  00000-0  11112-2 0  9997
2 31304  97.8638 313.3267 0004102  18.5121 341.6263 15.22477719864136
0 AIM
1 31304U 07015A   23020.76380688  .00027185  00000-0  11730-2 0  9994
2 31304  97.8639 313.7394 0004070  16.4379 343.6988 15.22498200864198
0 AIM
1 31304U 07015A   23022.07823660  .00029107  00000-0  12526-2 0  9992
2 31304  97.8642 315.1143 0003879  14.6674 345.4673 15.22573382864392
0 AIM
1 31304U 07015A   23023.52403813  .00024559  00000-0  10558-2 0  9996
2 31304  97.8639 316.6269 0003675  11.8612 348.2709 15.22646231864618
0 AIM
1 31304U 07015A   23024.77262893  .00024710  00000-0  10603-2 0  9995
2 31304  97.8638 317.9334 0003500   6.8467 353.2816 15.22709002864805
0 AIM
1 31304U 07015A   23025.36405033  .00021290  00000-0  91379-3 0  9996
2 31304  97.8638 318.5522 0003378   5.0918 355.0351 15.22733174864896
0 AIM
1 31304U 07015A   23025.69261384  .00022892  00000-0  98171-3 0  9997
2 31304  97.8635 318.8962 0003372   4.2030 355.9233 15.22747424864941
0 AIM
1 31304U 07015A   23026.08688470  .00025046  00000-0  10728-2 0  9995
2 31304  97.8637 319.3086 0003280   2.6293 357.4959 15.22768108865009
0 AIM
1 31304U 07015A   23026.08688470  .00025046  00000-0  10728-2 0  9995
2 31304  97.8637 319.3086 0003280   2.6293 357.4959 15.22768108865009
0 AIM
1 31304U 07015A   23027.33538030  .00018223  00000-0  78099-3 0  9995
2 31304  97.8631 320.6153 0003106   0.2070 359.9166 15.22820422865192
0 AIM
1 31304U 07015A   23027.33538030  .00018223  00000-0  78099-3 0  9995
2 31304  97.8631 320.6153 0003106   0.2070 359.9166 15.22820422865192
0 AIM
1 31304U 07015A   23027.79534190  .00019755  00000-0  84569-3 0  9998
2 31304  97.8630 321.0967 0003089 358.7258   1.3969 15.22839206865265
0 AIM
1 31304U 07015A   23028.38671317  .00018160  00000-0  77737-3 0  9995
2 31304  97.8630 321.7154 0002931 356.4743   3.6471 15.22861078865354
0 AIM
1 31304U 07015A   23028.38671317  .00018160  00000-0  77737-3 0  9995
2 31304  97.8630 321.7154 0002931 356.4743   3.6471 15.22861078865354
0 AIM
1 31304U 07015A   23028.78095658  .00016506  00000-0  70677-3 0  9995
2 31304  97.8628 322.1281 0002919 355.8088   4.3123 15.22873127865415
0 AIM
1 31304U 07015A   23029.76654938  .00015667  00000-0  67045-3 0  9998
2 31304  97.8628 323.1593 0002776 351.4567   8.6620 15.22905754865564
0 AIM
1 31304U 07015A   23030.22648585  .00014870  00000-0  63633-3 0  9996
2 31304  97.8628 323.6406 0002710 349.6648  10.4531 15.22919496865637
0 AIM
1 31304U 07015A   23030.35789549  .00014830  00000-0  63456-3 0  9995
2 31304  97.8629 323.7781 0002703 349.4154  10.7024 15.22923726865650
0 AIM
1 31304U 07015A   23031.08064274  .00015799  00000-0  67526-3 0  9994
2 31304  97.8631 324.5345 0002596 347.1037  13.0131 15.22946175865763
0 AIM
1 31304U 07015A   23032.06618890  .00016267  00000-0  69446-3 0  9996
2 31304  97.8633 325.5658 0002453 344.2486  15.8672 15.22978429865915
0 AIM
1 31304U 07015A   23032.39469915  .00016288  00000-0  69510-3 0  9999
2 31304  97.8636 325.9097 0002400 342.9655  17.1499 15.22990556865966
0 AIM
1 31304U 07015A   23033.38021644  .00018960  00000-0  80748-3 0  9997
2 31304  97.8638 326.9412 0002255 338.3234  21.7905 15.23026572866110
0 AIM
1 31304U 07015A   23033.38021644  .00018960  00000-0  80748-3 0  9997
2 31304  97.8638 326.9412 0002255 338.3234  21.7905 15.23026572866110
0 AIM
1 31304U 07015A   23034.36571237  .00017169  00000-0  73101-3 0  9999
2 31304  97.8642 327.9729 0002123 333.5836  26.5291 15.23057960866268
0 AIM
1 31304U 07015A   23035.28548715  .00019563  00000-0  83134-3 0  9993
2 31304  97.8645 328.9359 0001979 329.9373  30.1748 15.23094598866406
0 AIM
1 31304U 07015A   23035.35118450  .00019507  00000-0  82890-3 0  9996
2 31304  97.8646 329.0046 0001967 329.7121  30.4001 15.23097130866419
0 AIM
1 31304U 07015A   23035.87675928  .00017622  00000-0  74892-3 0  9990
2 31304  97.8647 329.5551 0001806 327.7540  32.3585 15.23115814866497
0 AIM
1 31304U 07015A   23036.40232794  .00016343  00000-0  69455-3 0  9998
2 31304  97.8650 330.1052 0001820 325.5643  34.5474 15.23133648866576
0 AIM
1 31304U 07015A   23036.40232794  .00016343  00000-0  69455-3 0  9998
2 31304  97.8650 330.1052 0001820 325.5643  34.5474 15.23133648866576
0 AIM
1 31304U 07015A   23036.86219447  .00017010  00000-0  72232-3 0  9997
2 31304  97.8650 330.5867 0001785 322.0235  38.0875 15.23151672866642
0 AIM
1 31304U 07015A   23037.38774968  .00020678  00000-0  87630-3 0  9991
2 31304  97.8649 331.1371 0001698 318.3494  41.7612 15.23175648866723
0 AIM
1 31304U 07015A   23037.84760343  .00023086  00000-0  97700-3 0  9999
2 31304  97.8649 331.6186 0001648 314.7678  45.3423 15.23198497866795
0 AIM
1 31304U 07015A   23037.84760343  .00023086  00000-0  97700-3 0  9999
2 31304  97.8649 331.6186 0001648 314.7678  45.3423 15.23198497866795
0 AIM
1 31304U 07015A   23038.37314230  .00026894  00000-0  11361-2 0  9996
2 31304  97.8648 332.1689 0001572 308.3426  51.7668 15.23226757866876
0 AIM
1 31304U 07015A   23038.83297986  .00027366  00000-0  11550-2 0  9990
2 31304  97.8647 332.6503 0001525 304.9180  55.1912 15.23253218866942
0 AIM
1 31304U 07015A   23039.22711951  .00028158  00000-0  11873-2 0  9995
2 31304  97.8647 333.0628 0001443 300.1237  59.9855 15.23278443867008
0 AIM
1 31304U 07015A   23039.35849816  .00027605  00000-0  11639-2 0  9997
2 31304  97.8650 333.2009 0001454 299.8714  60.2376 15.23285733867028
0 AIM
1 31304U 07015A   23039.81831718  .00031148  00000-0  13110-2 0  9993
2 31304  97.8649 333.6828 0001400 297.0898  63.0195 15.23317525867095
0 AIM
1 31304U 07015A   23040.34381378  .00030813  00000-0  12957-2 0  9991
2 31304  97.8647 334.2332 0001347 291.8733  68.2359 15.23351312867170
0 AIM
1 31304U 07015A   23040.73792869  .00032847  00000-0  13796-2 0  9996
2 31304  97.8645 334.6462 0001297 289.1452  70.9643 15.23377167867237
0 AIM
1 31304U 07015A   23040.80361382  .00032197  00000-0  13523-2 0  9992
2 31304  97.8646 334.7149 0001306 288.4055  71.7038 15.23381113867247
0 AIM
1 31304U 07015A   23041.06635288  .00032231  00000-0  13531-2 0  9998
2 31304  97.8645 334.9902 0001307 288.8867  71.2227 15.23397375867287
0 AIM
1 31304U 07015A   23041.39477115  .00035035  00000-0  14688-2 0  9996
2 31304  97.8645 335.3342 0001270 284.8192  75.2903 15.23423718867338
0 AIM
1 31304U 07015A   23042.05159433  .00032715  00000-0  13705-2 0  9991
2 31304  97.8642 336.0222 0001274 276.9129  83.1962 15.23466082867431
0 AIM
1 31304U 07015A   23042.24863697  .00034439  00000-0  14415-2 0  9990
2 31304  97.8641 336.2286 0001277 274.7187  85.3903 15.23482711867464
0 AIM
1 31304U 07015A   23042.77407609  .00035115  00000-0  14680-2 0  9991
2 31304  97.8639 336.7790 0001310 269.2849  90.8236 15.23519619867545
0 AIM
1 31304U 07015A   23043.23382438  .00034420  00000-0  14377-2 0  9996
2 31304  97.8638 337.2606 0001294 263.1408  96.9680 15.23552923867614
0 AIM
1 31304U 07015A   23043.56221038  .00035767  00000-0  14926-2 0  9995
2 31304  97.8639 337.6047 0001286 258.7964 101.3127 15.23575566867666
0 AIM
1 31304U 07015A   23044.54733933  .00032085  00000-0  13374-2 0  9992
2 31304  97.8634 338.6372 0001225 246.2147 113.8960 15.23640001867818
0 AIM
1 31304U 07015A   23045.53242706  .00032139  00000-0  13371-2 0  9992
2 31304  97.8632 339.6692 0001261 234.0284 126.0835 15.23703787867963
0 AIM
1 31304U 07015A   23046.32046872  .00031472  00000-0  13076-2 0  9997
2 31304  97.8632 340.4947 0001369 227.2263 132.8858 15.23753436868086
0 AIM
1 31304U 07015A   23046.38613776  .00032393  00000-0  13454-2 0  9999
2 31304  97.8637 340.5634 0001349 226.0300 134.0825 15.23758062868091
0 AIM
1 31304U 07015A   23047.30547897  .00039422  00000-0  16315-2 0  9991
2 31304  97.8642 341.5267 0001498 220.8145 139.2979 15.23832967868234
0 AIM
1 31304U 07015A   23047.56814006  .00038916  00000-0  16098-2 0  9993
2 31304  97.8643 341.8020 0001521 218.7672 141.3455 15.23851636868274
0 AIM
1 31304U 07015A   23047.76513341  .00038605  00000-0  15963-2 0  9998
2 31304  97.8644 342.0085 0001546 218.0622 142.0505 15.23867451868304
0 AIM
1 31304U 07015A   23048.55308955  .00028237  00000-0  11684-2 0  9995
2 31304  97.8647 342.8344 0001638 210.9133 149.2006 15.23915219868427
0 AIM
1 31304U 07015A   23048.55308955  .00028237  00000-0  11684-2 0  9995
2 31304  97.8647 342.8344 0001638 210.9133 149.2006 15.23915219868427
0 AIM
1 31304U 07015A   23048.81573646  .00025220  00000-0  10439-2 0  9991
2 31304  97.8649 343.1097 0001685 209.3371 150.7770 15.23929099868466
0 AIM
1 31304U 07015A   23049.53800446  .00022756  00000-0  94161-3 0  9998
2 31304  97.8650 343.8669 0001764 203.3894 156.7262 15.23962248868579
0 AIM
1 31304U 07015A   23049.53800446  .00022756  00000-0  94161-3 0  9998
2 31304  97.8650 343.8669 0001764 203.3894 156.7262 15.23962248868579
0 AIM
1 31304U 07015A   23050.39157350  .00023258  00000-0  96108-3 0  9994
2 31304  97.8653 344.7616 0001932 198.5225 161.5941 15.24003142868707
0 AIM
1 31304U 07015A   23050.78552153  .00021476  00000-0  88752-3 0  9993
2 31304  97.8652 345.1748 0001946 198.0373 162.0794 15.24018476868765
0 AIM
1 31304U 07015A   23051.37643463  .00022390  00000-0  92425-3 0  9992
2 31304  97.8654 345.7943 0002080 195.0658 165.0517 15.24045941868856
0 AIM
1 31304U 07015A   23052.22995707  .00024815  00000-0  10224-2 0  9998
2 31304  97.8653 346.6892 0002207 190.7670 169.3519 15.24088349868987
0 AIM
1 31304U 07015A   23052.55822843  .00026833  00000-0  11044-2 0  9997
2 31304  97.8654 347.0339 0002216 188.4739 171.6460 15.24105873869039
0 AIM
1 31304U 07015A   23052.82084229  .00026508  00000-0  10906-2 0  9990
2 31304  97.8655 347.3094 0002240 187.4702 172.6501 15.24121543869070
0 AIM
1 31304U 07015A   23053.41171537  .00022991  00000-0  94595-3 0  9994
2 31304  97.8653 347.9293 0002350 183.3095 176.8126 15.24150535869169
0 AIM
1 31304U 07015A   23053.41171537  .00022991  00000-0  94595-3 0  9994
2 31304  97.8653 347.9293 0002350 183.3095 176.8126 15.24150535869169
0 AIM
1 31304U 07015A   23054.39647960  .00025596  00000-0  10509-2 0  9996
2 31304  97.8651 348.9621 0002517 179.5617 180.5622 15.24199289869314
0 AIM
1 31304U 07015A   23054.79037709  .00024435  00000-0  10030-2 0  9994
2 31304  97.8649 349.3754 0002521 178.9984 181.1258 15.24216145869377
0 AIM
1 31304U 07015A   23054.79037709  .00024435  00000-0  10030-2 0  9994
2 31304  97.8649 349.3754 0002521 178.9984 181.1258 15.24216145869377
0 AIM
1 31304U 07015A   23055.38121205  .00025215  00000-0  10338-2 0  9993
2 31304  97.8647 349.9948 0002646 177.1982 182.9269 15.24248948869460
0 AIM
1 31304U 07015A   23055.77509675  .00019843  00000-0  81450-3 0  9991
2 31304  97.8646 350.4081 0002662 176.2109 183.9147 15.24262754869527
0 AIM
1 31304U 07015A   23056.23462323  .00020488  00000-0  84025-3 0  9999
2 31304  97.8646 350.8898 0002792 174.3998 185.7270 15.24283567869595
0 AIM
1 31304U 07015A   23056.30026943  .00020799  00000-0  85285-3 0  9995
2 31304  97.8647 350.9588 0002803 174.2631 185.8638 15.24286569869605
0 AIM
1 31304U 07015A   23056.82543452  .00024797  00000-0  10149-2 0  9999
2 31304  97.8644 351.5099 0002813 172.0881 188.0400 15.24311615869681
0 AIM
1 31304U 07015A   23057.35059006  .00026867  00000-0  10981-2 0  9999
2 31304  97.8643 352.0606 0002912 169.6741 190.4556 15.24339906869768
0 AIM
1 31304U 07015A   23057.35059006  .00026867  00000-0  10981-2 0  9999
2 31304  97.8643 352.0606 0002912 169.6741 190.4556 15.24339906869768
0 AIM
1 31304U 07015A   23058.33523244  .00062218  00000-0  25211-2 0  9990
2 31304  97.8641 353.0933 0003081 166.7727 193.3590 15.24413939869916
0 AIM
1 31304U 07015A   23058.40087323  .00064891  00000-0  26278-2 0  9994
2 31304  97.8642 353.1622 0003090 166.4916 193.6403 15.24420879869928
0 AIM
1 31304U 07015A   23058.40087323  .00064891  00000-0  26278-2 0  9994
2 31304  97.8642 353.1622 0003090 166.4916 193.6403 15.24420879869928
0 AIM
1 31304U 07015A   23059.05727040  .00037199  00000-0  15118-2 0  9995
2 31304  97.8641 353.8507 0003167 164.9437 195.1894 15.24455751870023
0 AIM
1 31304U 07015A   23059.38546128  .00035267  00000-0  14327-2 0  9992
2 31304  97.8642 354.1951 0003188 163.7812 196.3526 15.24481700870071
0 AIM
1 31304U 07015A   23059.77928537  .00027753  00000-0  11286-2 0  9995
2 31304  97.8642 354.6084 0003223 162.7544 197.3802 15.24501421870132
0 AIM
1 31304U 07015A   23059.77928537  .00027753  00000-0  11286-2 0  9995
2 31304  97.8642 354.6084 0003223 162.7544 197.3802 15.24501421870132
0 AIM
1 31304U 07015A   23060.37000959  .00029484  00000-0  11972-2 0  9997
2 31304  97.8642 355.2281 0003346 161.0001 199.1361 15.24538099870225
0 AIM
1 31304U 07015A   23061.81395096  .00027526  00000-0  11156-2 0  9995
2 31304  97.8648 356.7432 0003650 155.7959 204.3449 15.24615717870448
0 AIM
1 31304U 07015A   23061.81395096  .00027526  00000-0  11156-2 0  9995
2 31304  97.8648 356.7432 0003650 155.7959 204.3449 15.24615717870448
0 AIM
1 31304U 07015A   23062.40463050  .00034593  00000-0  13981-2 0  9997
2 31304  97.8650 357.3629 0003763 154.7155 205.4266 15.24657712870538
0 AIM
1 31304U 07015A   23062.40463050  .00034593  00000-0  13981-2 0  9997
2 31304  97.8650 357.3629 0003763 154.7155 205.4266 15.24657712870538
0 AIM
1 31304U 07015A   23063.38905931  .00037753  00000-0  15215-2 0  9997
2 31304  97.8650 358.3962 0003864 152.3142 207.8301 15.24731921870688
0 AIM
1 31304U 07015A   23063.71719178  .00034899  00000-0  14064-2 0  9999
2 31304  97.8651 358.7406 0003877 151.9623 208.1823 15.24753234870739
0 AIM
1 31304U 07015A   23063.71719178  .00034899  00000-0  14064-2 0  9999
2 31304  97.8651 358.7406 0003877 151.9623 208.1823 15.24753234870739
0 AIM
1 31304U 07015A   23064.30781741  .00037425  00000-0  15054-2 0  9998
2 31304  97.8652 359.3606 0003964 151.1019 209.0437 15.24798452870829
0 AIM
1 31304U 07015A   23064.76718060  .00039063  00000-0  15691-2 0  9999
2 31304  97.8652 359.8429 0004005 149.7801 210.3667 15.24834716870897
0 AIM
1 31304U 07015A   23064.76718060  .00039063  00000-0  15691-2 0  9999
2 31304  97.8652 359.8429 0004005 149.7801 210.3667 15.24834716870897
0 AIM
1 31304U 07015A   23065.35777297  .00042188  00000-0  16910-2 0  9999
2 31304  97.8656   0.4631 0004134 147.8824 212.2665 15.24886887870987
0 AIM
1 31304U 07015A   23066.07958358  .00039717  00000-0  15900-2 0  9990
2 31304  97.8657   1.2212 0004318 145.9322 214.2192 15.24942295871094
0 AIM
1 31304U 07015A   23066.40766938  .00042058  00000-0  16815-2 0  9996
2 31304  97.8659   1.5657 0004395 144.9939 215.1587 15.24972540871140
0 AIM
1 31304U 07015A   23067.39189384  .00036039  00000-0  14392-2 0  9999
2 31304  97.8662   2.5993 0004534 143.1208 217.0341 15.25047502871290
0 AIM
1 31304U 07015A   23067.39189384  .00036039  00000-0  14392-2 0  9999
2 31304  97.8662   2.5993 0004534 143.1208 217.0341 15.25047502871290
0 AIM
1 31304U 07015A   23068.76972174  .00050338  00000-0  19977-2 0  9990
2 31304  97.8662   4.0467 0004687 140.9226 219.2350 15.25171844871502
0 AIM
1 31304U 07015A   23069.81942076  .00039082  00000-0  15500-2 0  9996
2 31304  97.8662   5.1498 0004882 138.1342 222.0269 15.25257898871665
0 AIM
1 31304U 07015A   23069.81942076  .00039082  00000-0  15500-2 0  9996
2 31304  97.8662   5.1498 0004882 138.1342 222.0269 15.25257898871665
0 AIM
1 31304U 07015A   23070.40984959  .00037850  00000-0  14993-2 0  9995
2 31304  97.8660   5.7705 0004989 136.5473 223.6158 15.25306398871759
0 AIM
1 31304U 07015A   23071.26266081  .00037384  00000-0  14781-2 0  9996
2 31304  97.8657   6.6666 0005095 135.2484 224.9164 15.25371186871880
0 AIM
1 31304U 07015A   23071.26266081  .00037384  00000-0  14781-2 0  9996
2 31304  97.8657   6.6666 0005095 135.2484 224.9164 15.25371186871880
0 AIM
1 31304U 07015A   23071.39385960  .00036198  00000-0  14312-2 0  9990
2 31304  97.8656   6.8044 0005111 135.1384 225.0266 15.25379054871908
0 AIM
1 31304U 07015A   23072.31222726  .00031435  00000-0  12417-2 0  9996
2 31304  97.8650   7.7692 0005147 133.7085 226.4579 15.25442764872049
0 AIM
1 31304U 07015A   23072.31222726  .00031435  00000-0  12417-2 0  9996
2 31304  97.8650   7.7692 0005147 133.7085 226.4579 15.25442764872049
0 AIM
1 31304U 07015A   23072.90258809  .00030495  00000-0  12035-2 0  9993
2 31304  97.8649   8.3894 0005229 132.2604 227.9077 15.25478592872137
0 AIM
1 31304U 07015A   23073.55852862  .00033855  00000-0  13335-2 0  9991
2 31304  97.8653   9.0785 0005379 130.5072 229.6635 15.25519457872231
0 AIM
1 31304U 07015A   23073.55852862  .00033855  00000-0  13335-2 0  9991
2 31304  97.8653   9.0785 0005379 130.5072 229.6635 15.25519457872231
0 AIM
1 31304U 07015A   23073.88649115  .00035301  00000-0  13890-2 0  9996
2 31304  97.8653   9.4232 0005436 129.6824 230.4893 15.25544502872280
0 AIM
1 31304U 07015A   23074.41122173  .00035493  00000-0  13950-2 0  9995
2 31304  97.8653   9.9746 0005515 128.4852 231.6880 15.25580731872363
0 AIM
1 31304U 07015A   23074.41122186  .00033414  00000-0  13139-2 0  9999
2 31304  97.8653   9.9746 0005516 128.4806 231.6926 15.25578894872361
0 AIM
1 31304U 07015A   23075.06711723  .00031397  00000-0  12335-2 0  9997
2 31304  97.8651  10.6639 0005572 127.0677 233.1070 15.25622380872460
0 AIM
1 31304U 07015A   23075.39505740  .00027788  00000-0  10919-2 0  9998
2 31304  97.8652  11.0087 0005577 126.5831 233.5920 15.25643264872512
0 AIM
1 31304U 07015A   23076.57561524  .00024880  00000-0  97668-3 0  9998
2 31304  97.8653  12.2497 0005617 124.2618 235.9151 15.25699965872694
0 AIM
1 31304U 07015A   23076.57561524  .00024880  00000-0  97668-3 0  9998
2 31304  97.8653  12.2497 0005617 124.2618 235.9151 15.25699965872694
0 AIM
1 31304U 07015A   23076.77237056  .00024816  00000-0  97388-3 0  9998
2 31304  97.8654  12.4566 0005611 123.7270 236.4503 15.25710205872728
0 AIM
1 31304U 07015A   23077.82171117  .00022498  00000-0  88212-3 0  9990
2 31304  97.8660  13.5598 0005739 121.2223 238.9577 15.25761006872884
0 AIM
1 31304U 07015A   23077.82171117  .00022498  00000-0  88212-3 0  9990
2 31304  97.8660  13.5598 0005739 121.2223 238.9577 15.25761006872884
0 AIM
1 31304U 07015A   23078.54311218  .00024898  00000-0  97450-3 0  9998
2 31304  97.8662  14.3183 0005837 119.8157 240.3661 15.25797631872999
0 AIM
1 31304U 07015A   23078.80543545  .00023554  00000-0  92187-3 0  9997
2 31304  97.8661  14.5941 0005824 119.1907 240.9913 15.25810562873035
0 AIM
1 31304U 07015A   23079.06775661  .00023274  00000-0  91064-3 0  9994
2 31304  97.8663  14.8696 0005835 118.9176 241.2646 15.25822869873078
0 AIM
1 31304U 07015A   23079.39565448  .00024658  00000-0  96389-3 0  9992
2 31304  97.8664  15.2145 0005873 118.3258 241.8572 15.25841520873125
0 AIM
1 31304U 07015A   23079.78912762  .00025701  00000-0  10038-2 0  9996
2 31304  97.8663  15.6285 0005852 117.2786 242.9048 15.25861334873185
0 AIM
1 31304U 07015A   23080.31374944  .00025972  00000-0  10134-2 0  9998
2 31304  97.8665  16.1799 0005882 116.6257 243.5583 15.25890583873260
0 AIM
1 31304U 07015A   23080.37932648  .00026292  00000-0  10257-2 0  9997
2 31304  97.8666  16.2490 0005892 116.4215 243.7628 15.25894225873273
0 AIM
1 31304U 07015A   23081.49411369  .00028917  00000-0  11253-2 0  9996
2 31304  97.8671  17.4222 0006018 113.8832 246.3036 15.25956007873440
0 AIM
1 31304U 07015A   23081.88755637  .00026652  00000-0  10370-2 0  9991
2 31304  97.8672  17.8359 0006020 112.6816 247.5058 15.25978919873508
0 AIM
1 31304U 07015A   23082.34656619  .00023219  00000-0  90362-3 0  9999
2 31304  97.8673  18.3187 0006073 111.9696 248.2187 15.26002208873578
0 AIM
1 31304U 07015A   23082.80556714  .00038120  00000-0  14769-2 0  9998
2 31304  97.8671  18.8018 0006078 110.8083 249.3805 15.26039945873642
0 AIM
1 31304U 07015A   23082.80556714  .00038120  00000-0  14769-2 0  9998
2 31304  97.8671  18.8018 0006078 110.8083 249.3805 15.26039945873642
0 AIM
1 31304U 07015A   23083.26455594  .00090499  00000-0  34697-2 0  9992
2 31304  97.8671  19.2845 0006088 110.0240 250.1653 15.26115184873712
0 AIM
1 31304U 07015A   23083.52683002  .00046058  00000-0  17784-2 0  9998
2 31304  97.8669  19.5604 0006093 109.2669 250.9227 15.26105159873756
0 AIM
1 31304U 07015A   23083.59239780  .00046000  00000-0  17759-2 0  9994
2 31304  97.8669  19.6294 0006083 109.1424 251.0472 15.26110982873764
0 AIM
1 31304U 07015A   23083.78910040  .00040775  00000-0  15750-2 0  9992
2 31304  97.8669  19.8364 0006059 108.7546 251.4349 15.26124077873797
0 AIM
1 31304U 07015A   23083.98580184  .00031068  00000-0  12021-2 0  9999
2 31304  97.8668  20.0434 0006080 108.4471 251.7427 15.26130355873826
0 AIM
1 31304U 07015A   23084.77259037  .00031853  00000-0  12304-2 0  9993
2 31304  97.8665  20.8713 0006083 106.7753 253.4152 15.26181294873943
0 AIM
1 31304U 07015A   23085.10041237  .00029684  00000-0  11466-2 0  9999
2 31304  97.8665  21.2162 0006088 106.0828 254.1080 15.26197689873995
0 AIM
1 31304U 07015A   23085.75604528  .00028025  00000-0  10818-2 0  9996
2 31304  97.8665  21.9062 0006178 104.7516 255.4406 15.26231418874097
0 AIM
1 31304U 07015A   23086.34610236  .00025226  00000-0  97360-3 0  9993
2 31304  97.8665  22.5269 0006201 103.8672 256.3255 15.26260377874181
0 AIM
1 31304U 07015A   23086.34610236  .00025226  00000-0  97360-3 0  9993
2 31304  97.8665  22.5269 0006201 103.8672 256.3255 15.26260377874181
0 AIM
1 31304U 07015A   23086.80502790  .00024787  00000-0  95613-3 0  9999
2 31304  97.8662  23.0100 0006184 102.6127 257.5802 15.26282345874258
0 AIM
1 31304U 07015A   23087.39506452  .00025545  00000-0  98427-3 0  9992
2 31304  97.8662  23.6306 0006181 101.7971 258.3960 15.26313288874341
0 AIM
1 31304U 07015A   23087.39506452  .00025545  00000-0  98427-3 0  9992
2 31304  97.8662  23.6306 0006181 101.7971 258.3960 15.26313288874341
0 AIM
1 31304U 07015A   23087.78841555  .00028150  00000-0  10832-2 0  9999
2 31304  97.8662  24.0446 0006142 100.7185 259.4744 15.26335696874400
0 AIM
1 31304U 07015A   23088.37843093  .00029411  00000-0  11302-2 0  9998
2 31304  97.8661  24.6654 0006144  99.9252 260.2679 15.26370758874496
0 AIM
1 31304U 07015A   23088.77176747  .00030417  00000-0  11678-2 0  9991
2 31304  97.8660  25.0796 0006145  98.5194 261.6740 15.26393842874558
0 AIM
1 31304U 07015A   23088.77176747  .00030417  00000-0  11678-2 0  9991
2 31304  97.8660  25.0796 0006145  98.5194 261.6740 15.26393842874558
0 AIM
1 31304U 07015A   23089.75508063  .00033471  00000-0  12818-2 0  9990
2 31304  97.8662  26.1145 0006257  97.7417 262.4531 15.26456378874701
0 AIM
1 31304U 07015A   23090.08284293  .00033366  00000-0  12770-2 0  9994
2 31304  97.8663  26.4594 0006211  96.3402 263.8543 15.26476893874759
0 AIM
1 31304U 07015A   23091.39384806  .00024995  00000-0  95629-3 0  9993
2 31304  97.8663  27.8394 0006214  93.5009 266.6939 15.26552059874958
0 AIM
1 31304U 07015A   23091.59049384  .00026713  00000-0  10213-2 0  9999
2 31304  97.8667  28.0465 0006190  93.3323 266.8622 15.26561981874982
0 AIM
1 31304U 07015A   23091.78713772  .00028668  00000-0  10951-2 0  9999
2 31304  97.8667  28.2535 0006173  92.7645 267.4299 15.26575088875018
0 AIM
1 31304U 07015A   23092.57370032  .00027899  00000-0  10646-2 0  9991
2 31304  97.8671  29.0816 0006164  91.4120 268.7823 15.26616395875135
0 AIM
1 31304U 07015A   23092.77033740  .00027952  00000-0  10662-2 0  9993
2 31304  97.8671  29.2886 0006160  90.9131 269.2813 15.26628181875160
0 AIM
1 31304U 07015A   23092.77033740  .00027952  00000-0  10662-2 0  9993
2 31304  97.8671  29.2886 0006160  90.9131 269.2813 15.26628181875160
0 AIM
1 31304U 07015A   23093.55687353  .00023881  00000-0  91087-3 0  9993
2 31304  97.8677  30.1174 0006207  89.0724 271.1224 15.26664926875284
0 AIM
1 31304U 07015A   23094.27784495  .00026973  00000-0  10266-2 0  9992
2 31304  97.8681  30.8766 0006197  87.9393 272.2554 15.26709087875398
0 AIM
1 31304U 07015A   23094.40892878  .00026994  00000-0  10272-2 0  9992
2 31304  97.8679  31.0147 0006221  87.7328 272.4621 15.26715645875412
0 AIM
1 31304U 07015A   23094.80217683  .00026996  00000-0  10266-2 0  9996
2 31304  97.8619  31.4275 0006307  92.0874 268.1133 15.26736649875475
0 AIM
1 31304U 07015A   23094.80217684  .00023457  00000-0  89296-3 0  9996
2 31304  97.8679  31.4290 0006191  86.5373 273.6573 15.26733003875471
0 AIM
1 31304U 07015A   23095.45757889  .00011214  00000-0  42897-3 0  9998
2 31304  97.8660  32.1195 0006490  80.9559 279.2216 15.26748514875579
0 AIM
1 31304U 07015A   23095.58865800  .00024547  00000-0  93310-3 0  9994
2 31304  97.8679  32.2573 0006135  85.1625 275.0312 15.26771610875593
0 AIM
1 31304U 07015A   23095.58865800  .00024547  00000-0  93310-3 0  9994
2 31304  97.8679  32.2573 0006135  85.1625 275.0312 15.26771610875593
0 AIM
1 31304U 07015A   23095.91635255  .00024307  00000-0  92358-3 0  9995
2 31304  97.8680  32.6023 0006120  83.9889 276.2045 15.26788555875649
0 AIM
1 31304U 07015A   23096.24404380  .00031325  00000-0  11874-2 0  9996
2 31304  97.8668  32.9478 0005988  81.4269 278.7701 15.26812542875693
0 AIM
1 31304U 07015A   23096.57173168  .00023255  00000-0  88305-3 0  9996
2 31304  97.8683  33.2927 0006110  83.1069 277.0864 15.26818796875743
0 AIM
1 31304U 07015A   23096.76834282  .00025869  00000-0  98125-3 0  9992
2 31304  97.8669  33.5002 0005967  82.6157 277.5795 15.26832163875770
0 AIM
1 31304U 07015A   23096.89941592  .00022998  00000-0  87290-3 0  9990
2 31304  97.8683  33.6377 0006096  82.4440 277.7489 15.26835831875798
0 AIM
1 31304U 07015A   23096.89941593  .00050212  00000-0  18942-2 0  9998
2 31304  97.8673  33.6371 0005948  83.5211 276.6830 15.26856648875791
0 AIM
1 31304U 07015A   23096.89941593  .00053265  00000-0  20082-2 0  9997
2 31304  97.8674  33.6368 0005956  83.0948 277.1098 15.26858646875791
0 AIM
1 31304U 07015A   23096.89941593  .00053265  00000-0  20082-2 0  9997
2 31304  97.8674  33.6368 0005956  83.0948 277.1098 15.26858646875791
0 AIM
1 31304U 07015A   23096.89941593  .00053265  00000-0  20082-2 0  9997
2 31304  97.8674  33.6368 0005956  83.0948 277.1098 15.26858646875791
0 AIM
1 31304U 07015A   23097.09601896  .00064960  00000-0  24419-2 0  9991
2 31304  97.8678  33.8440 0006268  78.4439 281.7610 15.26895410875823
0 AIM
1 31304U 07015A   23097.16156154  .00025930  00000-0  98294-3 0  9998
2 31304  97.8670  33.9145 0005992  81.4552 278.7460 15.26852634875832
0 AIM
1 31304U 07015A   23097.35816882  .00024258  00000-0  91980-3 0  9997
2 31304  97.8671  34.1215 0006032  82.2628 277.9324 15.26858273875861
0 AIM
1 31304U 07015A   23097.48923962  .00024801  00000-0  94004-3 0  9993
2 31304  97.8684  34.2595 0006148  81.2324 278.9609 15.26864754875887
0 AIM
1 31304U 07015A   23098.40672118  .00020827  00000-0  78935-3 0  9999
2 31304  97.8683  35.2260 0006099  79.4003 280.7921 15.26905895876021
0 AIM
1 31304U 07015A   23098.40672118  .00020827  00000-0  78935-3 0  9999
2 31304  97.8683  35.2260 0006099  79.4003 280.7921 15.26905895876021
0 AIM
1 31304U 07015A   23099.38970985  .00019409  00000-0  73504-3 0  9991
2 31304  97.8680  36.2617 0006006  77.3184 282.8725 15.26948078876171
0 AIM
1 31304U 07015A   23099.78289773  .00022423  00000-0  84789-3 0  9990
2 31304  97.8679  36.6761 0005973  75.9803 284.2098 15.26966900876237
0 AIM
1 31304U 07015A   23100.30714123  .00022962  00000-0  86751-3 0  9992
2 31304  97.8678  37.2282 0005921  75.3251 284.8643 15.26990967876316
0 AIM
1 31304U 07015A   23100.76584648  .00027265  00000-0  10281-2 0  9994
2 31304  97.8677  37.7118 0005929  73.5409 286.6480 15.27017397876385
0 AIM
1 31304U 07015A   23101.55218187  .00024243  00000-0  91383-3 0  9990
2 31304  97.8677  38.5404 0005912  72.5164 287.6719 15.27054895876505
0 AIM
1 31304U 07015A   23102.40402292  .00020456  00000-0  77102-3 0  9992
2 31304  97.8676  39.4378 0005844  70.9908 289.1962 15.27094570876631
0 AIM
1 31304U 07015A   23103.38688874  .00023644  00000-0  88904-3 0  9996
2 31304  97.8674  40.4734 0005731  69.0166 291.1684 15.27143051876786
0 AIM
1 31304U 07015A   23104.36972282  .00026226  00000-0  98392-3 0  9995
2 31304  97.8675  41.5091 0005663  67.0640 293.1195 15.27195467876938
0 AIM
1 31304U 07015A   23104.89388625  .00029392  00000-0  11008-2 0  9990
2 31304  97.8674  42.0616 0005632  65.7001 294.4825 15.27227822877013
0 AIM
1 31304U 07015A   23105.35252049  .00028109  00000-0  10522-2 0  9997
2 31304  97.8675  42.5450 0005610  65.1450 295.0371 15.27254385877087
0 AIM
1 31304U 07015A   23105.87666340  .00030566  00000-0  11424-2 0  9999
2 31304  97.8675  43.0976 0005542  63.7172 296.4634 15.27287712877161
0 AIM
1 31304U 07015A   23106.07321440  .00029417  00000-0  10994-2 0  9995
2 31304  97.8677  43.3045 0005504  63.2580 296.9220 15.27297972877197
0 AIM
1 31304U 07015A   23106.40079541  .00028031  00000-0  10473-2 0  9997
2 31304  97.8676  43.6498 0005477  62.9463 297.2333 15.27318057877249
0 AIM
1 31304U 07015A   23106.85940204  .00029881  00000-0  11150-2 0  9996
2 31304  97.8676  44.1333 0005410  61.5572 298.6210 15.27346457877318
0 AIM
1 31304U 07015A   23107.38351341  .00030204  00000-0  11259-2 0  9994
2 31304  97.8680  44.6858 0005328  60.9406 299.2365 15.27378875877392
0 AIM
1 31304U 07015A   23107.38351341  .00030204  00000-0  11259-2 0  9994
2 31304  97.8680  44.6858 0005328  60.9406 299.2365 15.27378875877392
0 AIM
1 31304U 07015A   23107.77659014  .00030877  00000-0  11500-2 0  9990
2 31304  97.8679  45.1003 0005309  59.3862 300.7899 15.27402553877453
0 AIM
1 31304U 07015A   23108.36619370  .00028754  00000-0  10703-2 0  9992
2 31304  97.8685  45.7223 0005259  58.9865 301.1888 15.27437041877545
0 AIM
1 31304U 07015A   23108.75925550  .00032618  00000-0  12122-2 0  9996
2 31304  97.8687  46.1371 0005239  57.9930 302.1816 15.27462341877606
0 AIM
1 31304U 07015A   23109.34883666  .00027004  00000-0  10039-2 0  9991
2 31304  97.8690  46.7588 0005150  57.4171 302.7564 15.27493697877693
0 AIM
1 31304U 07015A   23109.74188335  .00032409  00000-0  12024-2 0  9997
2 31304  97.8690  47.1735 0005130  56.2068 303.9658 15.27520098877752
0 AIM
1 31304U 07015A   23110.06941738  .00031776  00000-0  11784-2 0  9996
2 31304  97.8691  47.5185 0005065  54.9847 305.1865 15.27539619877802
0 AIM
1 31304U 07015A   23110.33144165  .00024668  00000-0  91601-3 0  9994
2 31304  97.8691  47.7949 0005029  54.6430 305.5278 15.27551241877848
0 AIM
1 31304U 07015A   23110.39694747  .00024680  00000-0  91638-3 0  9990
2 31304  97.8693  47.8641 0005028  54.4885 305.6821 15.27554419877857
0 AIM
1 31304U 07015A   23110.78997982  .00025479  00000-0  94530-3 0  9991
2 31304  97.8692  48.2788 0005002  53.1916 306.9780 15.27573525877910
0 AIM
1 31304U 07015A   23111.24851117  .00022633  00000-0  83984-3 0  9992
2 31304  97.8691  48.7626 0004956  52.0646 308.1039 15.27593718877984
0 AIM
1 31304U 07015A   23111.57602985  .00024126  00000-0  89446-3 0  9993
2 31304  97.8693  49.1083 0004946  51.2837 308.8842 15.27608675878035
0 AIM
1 31304U 07015A   23112.10005194  .00026763  00000-0  99072-3 0  9997
2 31304  97.8692  49.6610 0004884  50.3084 309.8584 15.27637462878119
0 AIM
1 31304U 07015A   23112.29655774  .00024869  00000-0  92075-3 0  9993
2 31304  97.8692  49.8683 0004868  50.1679 309.9987 15.27647532878141
0 AIM
1 31304U 07015A   23112.36205944  .00024622  00000-0  91159-3 0  9990
2 31304  97.8692  49.9374 0004872  50.0760 310.0905 15.27650552878154
0 AIM
1 31304U 07015A   23113.27906963  .00020524  00000-0  75985-3 0  9996
2 31304  97.8688  50.9049 0004774  48.3298 311.8347 15.27691328878297
0 AIM
1 31304U 07015A   23113.27906963  .00020524  00000-0  75985-3 0  9996
2 31304  97.8688  50.9049 0004774  48.3298 311.8347 15.27691328878297
0 AIM
1 31304U 07015A   23113.34456984  .00026808  00000-0  99057-3 0  9994
2 31304  97.8688  50.9740 0004757  48.2056 311.9588 15.27697417878302
0 AIM
1 31304U 07015A   23113.73756755  .00054129  00000-0  19879-2 0  9996
2 31304  97.8687  51.3888 0004720  46.9744 313.1889 15.27729251878364
0 AIM
1 31304U 07015A   23114.26154667  .00037729  00000-0  13882-2 0  9994
2 31304  97.8687  51.9413 0004595  45.8927 314.2689 15.27761900878441
0 AIM
1 31304U 07015A   23114.26154800  .00087760  00000-0  32005-2 0  9991
2 31304  97.8686  51.9414 0004564  45.9373 314.2240 15.27793880878448
0 AIM
1 31304U 07015A   23114.26154800  .00087760  00000-0  32005-2 0  9991
2 31304  97.8686  51.9414 0004564  45.9373 314.2240 15.27793880878448
0 AIM
1 31304U 07015A   23115.37496623  .00022227  00000-0  81912-3 0  9995
2 31304  97.8685  53.1162 0004468  43.1977 316.9611 15.27827317878617
0 AIM
1 31304U 07015A   23115.37496623  .00022227  00000-0  81912-3 0  9995
2 31304  97.8685  53.1162 0004468  43.1977 316.9611 15.27827317878617
0 AIM
1 31304U 07015A   23116.35736761  .00017514  00000-0  64585-3 0  9994
2 31304  97.8684  54.1525 0004445  41.5982 318.5594 15.27859917878768
0 AIM
1 31304U 07015A   23116.75032152  .00018546  00000-0  68333-3 0  9992
2 31304  97.8682  54.5673 0004415  40.3133 319.8432 15.27874409878821
0 AIM
1 31304U 07015A   23117.40523581  .00019333  00000-0  71158-3 0  9990
2 31304  97.8684  55.2583 0004282  39.0974 321.0573 15.27900826878926
0 AIM
1 31304U 07015A   23117.40523581  .00019333  00000-0  71158-3 0  9990
2 31304  97.8684  55.2583 0004282  39.0974 321.0573 15.27900826878926
0 AIM
1 31304U 07015A   23118.58405179  .00020435  00000-0  75071-3 0  9995
2 31304  97.8683  56.5022 0004146  35.2906 324.8606 15.27950494879104
0 AIM
1 31304U 07015A   23118.78051760  .00020195  00000-0  74178-3 0  9990
2 31304  97.8683  56.7095 0004126  34.8611 325.2897 15.27958590879137
0 AIM
1 31304U 07015A   23119.36990776  .00019236  00000-0  70626-3 0  9992
2 31304  97.8685  57.3315 0004018  34.3524 325.7973 15.27984099879222
0 AIM
1 31304U 07015A   23119.82831560  .00021475  00000-0  78734-3 0  9994
2 31304  97.8685  57.8155 0003994  32.9066 327.2420 15.28005877879296
0 AIM
1 31304U 07015A   23120.41768863  .00018494  00000-0  67830-3 0  9998
2 31304  97.8686  58.4375 0003865  32.3790 327.7685 15.28028624879386
0 AIM
1 31304U 07015A   23121.39995844  .00018793  00000-0  68842-3 0  9993
2 31304  97.8686  59.4744 0003734  29.0963 331.0482 15.28064984879536
0 AIM
1 31304U 07015A   23121.39995844  .00018793  00000-0  68842-3 0  9993
2 31304  97.8686  59.4744 0003734  29.0963 331.0482 15.28064984879536
0 AIM
1 31304U 07015A   23121.79286019  .00018017  00000-0  65992-3 0  9996
2 31304  97.8687  59.8892 0003686  27.9053 332.2382 15.28078220879594
0 AIM
1 31304U 07015A   23122.38220476  .00021573  00000-0  78859-3 0  9994
2 31304  97.8689  60.5114 0003590  26.3750 333.7670 15.28104572879689
0 AIM
1 31304U 07015A   23122.77509626  .00020963  00000-0  76608-3 0  9996
2 31304  97.8691  60.9261 0003527  25.7903 334.3510 15.28119748879740
0 AIM
1 31304U 07015A   23122.77509626  .00020963  00000-0  76608-3 0  9996
2 31304  97.8691  60.9261 0003527  25.7903 334.3510 15.28119748879740
0 AIM
1 31304U 07015A   23123.36442601  .00017664  00000-0  64590-3 0  9992
2 31304  97.8693  61.5485 0003504  24.0600 336.0802 15.28139804879836
0 AIM
1 31304U 07015A   23123.82278709  .00018614  00000-0  67997-3 0  9999
2 31304  97.8695  62.0324 0003438  23.0679 337.0713 15.28159318879909
0 AIM
1 31304U 07015A   23123.82278709  .00018614  00000-0  67997-3 0  9999
2 31304  97.8695  62.0324 0003438  23.0681 337.0711 15.28159318879900
0 AIM
1 31304U 07015A   23124.41210106  .00017808  00000-0  65030-3 0  9992
2 31304  97.8698  62.6547 0003388  20.7428 339.3947 15.28180908879997
0 AIM
1 31304U 07015A   23124.80497182  .00019270  00000-0  70294-3 0  9999
2 31304  97.8700  63.0696 0003322  19.5772 340.5593 15.28198307880059
0 AIM
1 31304U 07015A   23125.26331612  .00019533  00000-0  71209-3 0  9994
2 31304  97.8700  63.5535 0003250  17.9539 342.1814 15.28216309880124
0 AIM
1 31304U 07015A   23125.78713166  .00019446  00000-0  70852-3 0  9995
2 31304  97.8702  64.1067 0003162  16.3618 343.7722 15.28237018880200
0 AIM
1 31304U 07015A   23126.31093943  .00022968  00000-0  83525-3 0  9993
2 31304  97.8703  64.6599 0003079  14.5642 345.5684 15.28262299880284
0 AIM
1 31304U 07015A   23127.09663352  .00027114  00000-0  98368-3 0  9995
2 31304  97.8703  65.4898 0002944  12.6465 347.4846 15.28305206880408
0 AIM
1 31304U 07015A   23127.35852720  .00021612  00000-0  78502-3 0  9998
2 31304  97.8704  65.7665 0002895  12.2561 347.8747 15.28314631880442
0 AIM
1 31304U 07015A   23127.81683651  .00023771  00000-0  86235-3 0  9994
2 31304  97.8703  66.2507 0002857  10.5233 349.6064 15.28335690880515
0 AIM
1 31304U 07015A   23128.34061010  .00023754  00000-0  86108-3 0  9992
2 31304  97.8702  66.8037 0002715   8.8293 351.2993 15.28360994880590
0 AIM
1 31304U 07015A   23128.79890592  .00025506  00000-0  92359-3 0  9998
2 31304  97.8701  67.2880 0002683   6.7280 353.3994 15.28381814880663
0 AIM
1 31304U 07015A   23129.38813368  .00024394  00000-0  88288-3 0  9990
2 31304  97.8700  67.9102 0002543   4.6309 355.4953 15.28408604880755
0 AIM
1 31304U 07015A   23130.37015600  .00026870  00000-0  97040-3 0  9991
2 31304  97.8698  68.9474 0002380   1.4837 358.6408 15.28458033880902
0 AIM
1 31304U 07015A   23130.76295587  .00029117  00000-0  10503-2 0  9993
2 31304  97.8697  69.3625 0002360   0.3033 359.8207 15.28479825880966
0 AIM
1 31304U 07015A   23130.76295587  .00029117  00000-0  10503-2 0  9993
2 31304  97.8697  69.3625 0002360   0.3033 359.8207 15.28479825880966
0 AIM
1 31304U 07015A   23131.41761054  .00022856  00000-0  82503-3 0  9996
2 31304  97.8696  70.0535 0002245 357.8917   2.2312 15.28509542881065
0 AIM
1 31304U 07015A   23131.41761054  .00022856  00000-0  82503-3 0  9996
2 31304  97.8696  70.0535 0002245 357.8917   2.2312 15.28509542881065
0 AIM
1 31304U 07015A   23131.74493322  .00023406  00000-0  84440-3 0  9996
2 31304  97.8695  70.3993 0002234 355.9575   4.1645 15.28524270881113
0 AIM
1 31304U 07015A   23132.26864256  .00024068  00000-0  86743-3 0  9995
2 31304  97.8694  70.9526 0002083 352.6417   7.4790 15.28549518881198
0 AIM
1 31304U 07015A   23132.79234430  .00026648  00000-0  95909-3 0  9998
2 31304  97.8693  71.5061 0002053 350.0830  10.0367 15.28573795881279
0 AIM
1 31304U 07015A   23132.79234430  .00026648  00000-0  95909-3 0  9998
2 31304  97.8693  71.5061 0002053 350.0830  10.0367 15.28573795881279
0 AIM
1 31304U 07015A   23133.38149763  .00023815  00000-0  85704-3 0  9993
2 31304  97.8693  72.1283 0001917 347.2551  12.8638 15.28601497881360
0 AIM
1 31304U 07015A   23133.77426127  .00021234  00000-0  76436-3 0  9993
2 31304  97.8693  72.5434 0001901 345.8266  14.2919 15.28617058881427
0 AIM
1 31304U 07015A   23134.10156093  .00020835  00000-0  74981-3 0  9992
2 31304  97.8694  72.8891 0001829 343.9016  16.2164 15.28630661881473
0 AIM
1 31304U 07015A   23134.36339815  .00022274  00000-0  80088-3 0  9999
2 31304  97.8693  73.1659 0001779 343.5471  16.5710 15.28644512881518
0 AIM
1 31304U 07015A   23134.82160898  .00019454  00000-0  69974-3 0  9990
2 31304  97.8694  73.6502 0001759 341.6907  18.4268 15.28662159881585
0 AIM
1 31304U 07015A   23135.34527203  .00017020  00000-0  61239-3 0  9998
2 31304  97.8695  74.2033 0001660 338.1202  21.9965 15.28681808881666
0 AIM
1 31304U 07015A   23135.34527203  .00017020  00000-0  61239-3 0  9998
2 31304  97.8695  74.2033 0001660 338.1202  21.9965 15.28681808881666
0 AIM
1 31304U 07015A   23136.39257837  .00019041  00000-0  68378-3 0  9993
2 31304  97.8699  75.3103 0001522 330.4783  29.6369 15.28720911881826
0 AIM
1 31304U 07015A   23136.39257837  .00019041  00000-0  68378-3 0  9993
2 31304  97.8699  75.3103 0001522 330.4783  29.6369 15.28720911881826
0 AIM
1 31304U 07015A   23137.76713033  .00015348  00000-0  55126-3 0  9993
2 31304  97.8704  76.7633 0001391 323.1436  36.9707 15.28764983882032
0 AIM
1 31304U 07015A   23137.83258405  .00015576  00000-0  55935-3 0  9999
2 31304  97.8705  76.8325 0001387 322.5450  37.5691 15.28767629882046
0 AIM
1 31304U 07015A   23138.35621174  .00014468  00000-0  51959-3 0  9995
2 31304  97.8705  77.3860 0001332 318.8569  41.2569 15.28783034882128
0 AIM
1 31304U 07015A   23138.87983390  .00014309  00000-0  51368-3 0  9991
2 31304  97.8707  77.9395 0001299 314.3260  45.7872 15.28798982882203
0 AIM
1 31304U 07015A   23139.07619103  .00014363  00000-0  51551-3 0  9996
2 31304  97.8708  78.1471 0001285 312.2806  47.8324 15.28804078882232
0 AIM
1 31304U 07015A   23139.40345102  .00014275  00000-0  51223-3 0  9996
2 31304  97.8708  78.4931 0001262 309.1116  51.0011 15.28814092882282
0 AIM
1 31304U 07015A   23140.38521614  .00022773  00000-0  81348-3 0  9992
2 31304  97.8709  79.5310 0001229 298.5230  61.5885 15.28856176882438
0 AIM
1 31304U 07015A   23140.77791369  .00024576  00000-0  87688-3 0  9997
2 31304  97.8710  79.9461 0001186 294.8156  65.2959 15.28876125882494
0 AIM
1 31304U 07015A   23141.36695078  .00021203  00000-0  75671-3 0  9996
2 31304  97.8709  80.5689 0001130 289.3096  70.8020 15.28901625882588
0 AIM
1 31304U 07015A   23141.75963668  .00021050  00000-0  75084-3 0  9990
2 31304  97.8710  80.9841 0001102 284.8180  75.2936 15.28919727882641
0 AIM
1 31304U 07015A   23141.82508379  .00021351  00000-0  76144-3 0  9994
2 31304  97.8711  81.0533 0001085 283.8666  76.2451 15.28923237882655
0 AIM
1 31304U 07015A   23142.41410384  .00020613  00000-0  73477-3 0  9994
2 31304  97.8710  81.6759 0001080 276.2144  83.8971 15.28947183882749
0 AIM
1 31304U 07015A   23143.39578433  .00020590  00000-0  73310-3 0  9992
2 31304  97.8708  82.7140 0001133 263.4455  96.6655 15.28984792882898
0 AIM
1 31304U 07015A   23143.78845015  .00018200  00000-0  64829-3 0  9998
2 31304  97.8707  83.1291 0001141 263.2773  96.8336 15.28997178882956
0 AIM
1 31304U 07015A   23144.37744229  .00016647  00000-0  59299-3 0  9997
2 31304  97.8707  83.7517 0001135 257.6012 102.5099 15.29016627883043
0 AIM
1 31304U 07015A   23144.37744229  .00016647  00000-0  59299-3 0  9997
2 31304  97.8707  83.7517 0001135 257.6012 102.5099 15.29016627883043
0 AIM
1 31304U 07015A   23145.81716797  .00015980  00000-0  56856-3 0  9991
2 31304  97.8704  85.2739 0001220 243.6303 116.4810 15.29065797883267
0 AIM
1 31304U 07015A   23146.40613385  .00015323  00000-0  54504-3 0  9995
2 31304  97.8704  85.8967 0001292 236.8845 123.2270 15.29084039883356
0 AIM
1 31304U 07015A   23146.79877409  .00014357  00000-0  51077-3 0  9994
2 31304  97.8703  86.3120 0001313 235.5819 124.5296 15.29095363883414
0 AIM
1 31304U 07015A   23147.38772879  .00013847  00000-0  49251-3 0  9999
2 31304  97.8702  86.9348 0001412 228.0287 132.0832 15.29111919883503
0 AIM
1 31304U 07015A   23147.78036203  .00013931  00000-0  49531-3 0  9992
2 31304  97.8702  87.3501 0001425 226.1387 133.9734 15.29123192883566
0 AIM
1 31304U 07015A   23148.10755425  .00014101  00000-0  50114-3 0  9992
2 31304  97.8701  87.6961 0001455 223.7982 136.3142 15.29131931883611
0 AIM
1 31304U 07015A   23148.82736755  .00017455  00000-0  61884-3 0  9997
2 31304  97.8700  88.4574 0001502 217.7479 142.3654 15.29160152883720
0 AIM
1 31304U 07015A   23148.82736755  .00017455  00000-0  61884-3 0  9997
2 31304  97.8700  88.4574 0001502 217.7479 142.3654 15.29160152883720
0 AIM
1 31304U 07015A   23149.41629771  .00015573  00000-0  55227-3 0  9995
2 31304  97.8699  89.0803 0001562 215.1267 144.9869 15.29177570883810
0 AIM
1 31304U 07015A   23149.80891386  .00014971  00000-0  53089-3 0  9996
2 31304  97.8699  89.4955 0001616 212.7319 147.3819 15.29189726883877
0 AIM
1 31304U 07015A   23150.07065634  .00015454  00000-0  54775-3 0  9996
2 31304  97.8699  89.7722 0001653 211.5155 148.5985 15.29197540883913
0 AIM
1 31304U 07015A   23150.39783239  .00015662  00000-0  55489-3 0  9993
2 31304  97.8699  90.1183 0001701 210.1162 149.9979 15.29208031883968
0 AIM
1 31304U 07015A   23150.79044092  .00016261  00000-0  57573-3 0  9996
2 31304  97.8700  90.5335 0001756 207.9824 152.1321 15.29220873884026
0 AIM
1 31304U 07015A   23151.37934664  .00017353  00000-0  61372-3 0  9999
2 31304  97.8702  91.1565 0001844 204.9543 155.1607 15.29241936884116
0 AIM
1 31304U 07015A   23151.37934664  .00017353  00000-0  61372-3 0  9999
2 31304  97.8702  91.1565 0001844 204.9543 155.1607 15.29241936884116
0 AIM
1 31304U 07015A   23151.83737873  .00018176  00000-0  64228-3 0  9990
2 31304  97.8704  91.6410 0001906 202.3012 157.8144 15.29259597884188
0 AIM
1 31304U 07015A   23152.42626946  .00019109  00000-0  67451-3 0  9992
2 31304  97.8706  92.2642 0001970 199.3022 160.8143 15.29282817884275
0 AIM
1 31304U 07015A   23152.42626946  .00019109  00000-0  67451-3 0  9992
2 31304  97.8706  92.2642 0001970 199.3022 160.8143 15.29282817884275
0 AIM
1 31304U 07015A   23153.40773497  .00016619  00000-0  58660-3 0  9990
2 31304  97.8710  93.3025 0002108 195.2642 164.8533 15.29316927884428
0 AIM
1 31304U 07015A   23153.80031509  .00017495  00000-0  61701-3 0  9998
2 31304  97.8712  93.7179 0002172 193.7501 166.3679 15.29331875884485
0 AIM
1 31304U 07015A   23153.80031509  .00017495  00000-0  61701-3 0  9998
2 31304  97.8712  93.7179 0002172 193.7501 166.3679 15.29331875884485
0 AIM
1 31304U 07015A   23154.38917896  .00017058  00000-0  60134-3 0  9998
2 31304  97.8713  94.3411 0002255 191.6847 168.4340 15.29350875884573
0 AIM
1 31304U 07015A   23154.78175124  .00016672  00000-0  58761-3 0  9996
2 31304  97.8714  94.7565 0002316 189.9801 170.1392 15.29362883884632
0 AIM
1 31304U 07015A   23155.10889224  .00017436  00000-0  61413-3 0  9993
2 31304  97.8714  95.1027 0002363 188.6804 171.4394 15.29373617884689
0 AIM
1 31304U 07015A   23155.37060305  .00016629  00000-0  58576-3 0  9992
2 31304  97.8714  95.3796 0002393 187.5854 172.5349 15.29382084884725
0 AIM
1 31304U 07015A   23155.89402028  .00017389  00000-0  61199-3 0  9990
2 31304  97.8715  95.9335 0002471 185.3971 174.7242 15.29400819884806
0 AIM
1 31304U 07015A   23156.41743110  .00017118  00000-0  60216-3 0  9998
2 31304  97.8715  96.4873 0002533 183.8208 176.3012 15.29419085884880
0 AIM
1 31304U 07015A   23156.54828267  .00017186  00000-0  60446-3 0  9999
2 31304  97.8715  96.6258 0002559 183.4742 176.6480 15.29423883884902
0 AIM
1 31304U 07015A   23156.87541006  .00017699  00000-0  62212-3 0  9990
2 31304  97.8715  96.9720 0002607 182.3317 177.7910 15.29436626884953
0 AIM
1 31304U 07015A   23157.39880844  .00018479  00000-0  64896-3 0  9991
2 31304  97.8715  97.5258 0002687 180.9559 179.1675 15.29456385885034
0 AIM
1 31304U 07015A   23157.85677635  .00019596  00000-0  68751-3 0  9999
2 31304  97.8715  98.0104 0002759 179.7122 180.4119 15.29475181885103
0 AIM
1 31304U 07015A   23157.85677635  .00019596  00000-0  68751-3 0  9999
2 31304  97.8715  98.0104 0002759 179.7122 180.4119 15.29475181885103
0 AIM
1 31304U 07015A   23158.31473930  .00017841  00000-0  62606-3 0  9997
2 31304  97.8713  98.4950 0002820 178.2667 181.8582 15.29490277885170
0 AIM
1 31304U 07015A   23158.77269708  .00018661  00000-0  65424-3 0  9995
2 31304  97.8712  98.9796 0002896 176.8385 183.2873 15.29508418885240
0 AIM
1 31304U 07015A   23159.09980670  .00019113  00000-0  66974-3 0  9993
2 31304  97.8710  99.3258 0002941 175.8216 184.3048 15.29520558885299
0 AIM
1 31304U 07015A   23159.36149212  .00019013  00000-0  66603-3 0  9990
2 31304  97.8709  99.6026 0002962 174.7887 185.3384 15.29531302885336
0 AIM
1 31304U 07015A   23160.27737883  .00018120  00000-0  63432-3 0  9994
2 31304  97.8707 100.5720 0003108 172.3782 187.7504 15.29564330885470
0 AIM
1 31304U 07015A   23160.40821820  .00018024  00000-0  63090-3 0  9997
2 31304  97.8707 100.7103 0003123 172.0681 188.0607 15.29569075885490
0 AIM
1 31304U 07015A   23160.73531462  .00018345  00000-0  64180-3 0  9990
2 31304  97.8706 101.0564 0003171 171.3431 188.7863 15.29581725885545
0 AIM
1 31304U 07015A   23161.32408221  .00017635  00000-0  61673-3 0  9997
2 31304  97.8704 101.6796 0003256 169.9495 190.1810 15.29601813885633
0 AIM
1 31304U 07015A   23161.38950033  .00017703  00000-0  61904-3 0  9999
2 31304  97.8704 101.7488 0003267 169.7953 190.3352 15.29604172885646
0 AIM
1 31304U 07015A   23161.38950033  .00017703  00000-0  61904-3 0  9999
2 31304  97.8704 101.7488 0003267 169.7953 190.3352 15.29604172885646
0 AIM
1 31304U 07015A   23162.56700868  .00019218  00000-0  67072-3 0  9994
2 31304  97.8703 102.9951 0003456 166.9458 193.1871 15.29648723885829
0 AIM
1 31304U 07015A   23162.56700868  .00019218  00000-0  67072-3 0  9994
2 31304  97.8703 102.9951 0003456 166.9458 193.1871 15.29648723885829
0 AIM
1 31304U 07015A   23162.89408814  .00019691  00000-0  68682-3 0  9999
2 31304  97.8702 103.3412 0003497 165.9083 194.2254 15.29662041885874
0 AIM
1 31304U 07015A   23163.54823938  .00017586  00000-0  61346-3 0  9991
2 31304  97.8702 104.0336 0003553 163.9444 196.1908 15.29684414885975
0 AIM
1 31304U 07015A   23163.80989686  .00017026  00000-0  59388-3 0  9995
2 31304  97.8702 104.3105 0003590 163.0987 197.0372 15.29694105886015
0 AIM
1 31304U 07015A   23163.80989686  .00017026  00000-0  59388-3 0  9995
2 31304  97.8702 104.3105 0003590 163.0987 197.0372 15.29694105886015
0 AIM
1 31304U 07015A   23164.79109888  .00018716  00000-0  65167-3 0  9991
2 31304  97.8704 105.3493 0003717 160.9824 199.1555 15.29730751886165
0 AIM
1 31304U 07015A   23165.11816116  .00018503  00000-0  64407-3 0  9997
2 31304  97.8704 105.6956 0003755 160.0847 200.0539 15.29741823886212
0 AIM
1 31304U 07015A   23165.11816116  .00018503  00000-0  64407-3 0  9997
2 31304  97.8704 105.6956 0003755 160.0847 200.0539 15.29741823886212
0 AIM
1 31304U 07015A   23165.77227766  .00017005  00000-0  59184-3 0  9998
2 31304  97.8705 106.3882 0003837 158.2422 201.8980 15.29764985886312
0 AIM
1 31304U 07015A   23166.42638485  .00015409  00000-0  53636-3 0  9997
2 31304  97.8707 107.0808 0003919 156.5368 203.6051 15.29785948886413
0 AIM
1 31304U 07015A   23166.42638485  .00015409  00000-0  53636-3 0  9997
2 31304  97.8707 107.0808 0003919 156.5368 203.6051 15.29785948886413
0 AIM
1 31304U 07015A   23166.75343510  .00016271  00000-0  56592-3 0  9997
2 31304  97.8709 107.4272 0003970 155.7387 204.4039 15.29797639886463
0 AIM
1 31304U 07015A   23167.40752575  .00023391  00000-0  81068-3 0  9992
2 31304  97.8710 108.1199 0004050 154.2937 205.8504 15.29831039886562
0 AIM
1 31304U 07015A   23167.40752575  .00023391  00000-0  81068-3 0  9992
2 31304  97.8710 108.1199 0004050 154.2937 205.8504 15.29831039886562
0 AIM
1 31304U 07015A   23167.73456602  .00023010  00000-0  79722-3 0  9992
2 31304  97.8711 108.4662 0004100 153.4831 206.6619 15.29845710886614
0 AIM
1 31304U 07015A   23168.32323064  .00019914  00000-0  69011-3 0  9991
2 31304  97.8712 109.0895 0004174 152.3668 207.7793 15.29869648886708
0 AIM
1 31304U 07015A   23168.58485640  .00017744  00000-0  61521-3 0  9995
2 31304  97.8715 109.3668 0004234 151.8403 208.3066 15.29879479886747
0 AIM
1 31304U 07015A   23168.58485640  .00017744  00000-0  61521-3 0  9995
2 31304  97.8715 109.3668 0004234 151.8403 208.3066 15.29879479886747
0 AIM
1 31304U 07015A   23169.10810307  .00016913  00000-0  58623-3 0  9992
2 31304  97.8716 109.9209 0004280 150.8507 209.2972 15.29899114886823
0 AIM
1 31304U 07015A   23169.56593855  .00017848  00000-0  61807-3 0  9994
2 31304  97.8717 110.4060 0004352 149.2197 210.9298 15.29916137886895
0 AIM
1 31304U 07015A   23170.08917287  .00016541  00000-0  57278-3 0  9998
2 31304  97.8716 110.9599 0004408 148.2819 211.8687 15.29934989886974
0 AIM
1 31304U 07015A   23170.08917287  .00016541  00000-0  57278-3 0  9998
2 31304  97.8716 110.9599 0004408 148.2819 211.8687 15.29934989886974
0 AIM
1 31304U 07015A   23170.87401115  .00018946  00000-0  65480-3 0  9998
2 31304  97.8715 111.7911 0004460 146.1879 213.9645 15.29967510887098
0 AIM
1 31304U 07015A   23171.26642450  .00019714  00000-0  68080-3 0  9994
2 31304  97.8715 112.2067 0004491 145.4979 214.6553 15.29983165887150
0 AIM
1 31304U 07015A   23171.26642450  .00019714  00000-0  68080-3 0  9994
2 31304  97.8715 112.2067 0004491 145.4979 214.6553 15.29983165887150
0 AIM
1 31304U 07015A   23171.78963603  .00020653  00000-0  71251-3 0  9995
2 31304  97.8714 112.7606 0004561 144.2284 215.9261 15.30005179887238
0 AIM
1 31304U 07015A   23172.37823951  .00021159  00000-0  72930-3 0  9999
2 31304  97.8713 113.3841 0004627 142.7851 217.3710 15.30030690887322
0 AIM
1 31304U 07015A   23172.57443893  .00019947  00000-0  68765-3 0  9997
2 31304  97.8714 113.5920 0004668 142.2379 217.9189 15.30036951887353
0 AIM
1 31304U 07015A   23172.83603606  .00019662  00000-0  67767-3 0  9991
2 31304  97.8714 113.8690 0004696 141.6536 218.5038 15.30048087887396
0 AIM
1 31304U 07015A   23173.75161168  .00021505  00000-0  73981-3 0  9999
2 31304  97.8712 114.8388 0004798 139.8012 220.3583 15.30088094887534
0 AIM
1 31304U 07015A   23174.79795504  .00023025  00000-0  79062-3 0  9996
2 31304  97.8708 115.9470 0004895 137.9910 222.1705 15.30134061887696
0 AIM
1 31304U 07015A   23176.10583724  .00022200  00000-0  76101-3 0  9997
2 31304  97.8707 117.3324 0005008 135.2100 224.9545 15.30195075887894
0 AIM
1 31304U 07015A   23177.41366627  .00022273  00000-0  76204-3 0  9997
2 31304  97.8703 118.7179 0005154 132.4958 227.6718 15.30257568888096
0 AIM
1 31304U 07015A   23178.78683660  .00020510  00000-0  70094-3 0  9990
2 31304  97.8701 120.1728 0005210 129.2757 230.8945 15.30311162888308
0 AIM
1 31304U 07015A   23179.83302940  .00017240  00000-0  58921-3 0  9997
2 31304  97.8702 121.2815 0005300 126.6014 233.5713 15.30348677888466
0 AIM
1 31304U 07015A   23182.12148690  .00016149  00000-0  55079-3 0  9991
2 31304  97.8705 123.7068 0005438 121.7619 238.4150 15.30429089888810
0 AIM
1 31304U 07015A   23183.36374376  .00014480  00000-0  49367-3 0  9999
2 31304  97.8711 125.0238 0005503 118.7964 241.3828 15.30468165889008
0 AIM
1 31304U 07015A   23184.40983061  .00015863  00000-0  53989-3 0  9993
2 31304  97.8712 126.1326 0005554 116.6886 243.4923 15.30502223889165
0 AIM
1 31304U 07015A   23185.71740617  .00017355  00000-0  58947-3 0  9993
2 31304  97.8714 127.5185 0005615 114.0578 246.1249 15.30546678889368
0 AIM
1 31304U 07015A   23187.09032107  .00016250  00000-0  55147-3 0  9996
2 31304  97.8712 128.9737 0005692 110.9229 249.2620 15.30589891889571
0 AIM
1 31304U 07015A   23188.39782147  .00019420  00000-0  65723-3 0  9999
2 31304  97.8709 130.3597 0005719 108.3119 251.8743 15.30637349889776
0 AIM
1 31304U 07015A   23189.83602111  .00018427  00000-0  62278-3 0  9999
2 31304  97.8705 131.8846 0005787 105.2741 254.9138 15.30693534889991
0 AIM
1 31304U 07015A   23191.40491382  .00015994  00000-0  54028-3 0  9991
2 31304  97.8701 133.5479 0005779 101.9111 258.2777 15.30741829890239
0 AIM
1 31304U 07015A   23192.38544489  .00018300  00000-0  61690-3 0  9993
2 31304  97.8700 134.5876 0005787  99.8879 260.3014 15.30777512890387
0 AIM
1 31304U 07015A   23193.75814704  .00020360  00000-0  68468-3 0  9994
2 31304  97.8701 136.0433 0005786  97.0169 263.1729 15.30833698890590
0 AIM
1 31304U 07015A   23194.80398207  .00020103  00000-0  67521-3 0  9990
2 31304  97.8703 137.1524 0005767  94.9904 265.1994 15.30875105890750
0 AIM
1 31304U 07015A   23196.11123463  .00023220  00000-0  77779-3 0  9995
2 31304  97.8706 138.5391 0005753  92.8798 267.3100 15.30932188890953
0 AIM
1 31304U 07015A   23197.35307779  .00016878  00000-0  56572-3 0  9995
2 31304  97.8708 139.8564 0005752  90.6188 269.5711 15.30983005891147
0 AIM
1 31304U 07015A   23198.39881004  .00022685  00000-0  75775-3 0  9997
2 31304  97.8709 140.9656 0005698  88.4651 271.7241 15.31027804891300
0 AIM
1 31304U 07015A   23199.77128192  .00023088  00000-0  76950-3 0  9996
2 31304  97.8712 142.4218 0005704  85.6189 274.5702 15.31095177891512
0 AIM
1 31304U 07015A   23200.81693734  .00020276  00000-0  67550-3 0  9995
2 31304  97.8713 143.5310 0005634  83.9686 276.2196 15.31137174891670
0 AIM
1 31304U 07015A   23202.32001724  .00022488  00000-0  74721-3 0  9990
2 31304  97.8710 145.1255 0005585  81.0218 279.1654 15.31200651891906
0 AIM
1 31304U 07015A   23205.32598203  .00021306  00000-0  70531-3 0  9999
2 31304  97.8706 148.3150 0005378  75.1034 285.0801 15.31333316892366
0 AIM
1 31304U 07015A   23206.43681665  .00019858  00000-0  65677-3 0  9991
2 31304  97.8703 149.4941 0005355  73.0044 287.1782 15.31379740892537
0 AIM
1 31304U 07015A   23207.28625564  .00024178  00000-0  79760-3 0  9990
2 31304  97.8701 150.3955 0005231  71.4977 288.6831 15.31419010892661
0 AIM
1 31304U 07015A   23207.35159605  .00025578  00000-0  84338-3 0  9998
2 31304  97.8701 150.4649 0005228  71.4419 288.7388 15.31423441892671
0 AIM
1 31304U 07015A   23207.41693644  .00025644  00000-0  84547-3 0  9997
2 31304  97.8701 150.5344 0005228  71.1487 289.0319 15.31426311892684
0 AIM
1 31304U 07015A   23208.59303895  .00022110  00000-0  72842-3 0  9993
2 31304  97.8700 151.7828 0005140  68.3564 291.8223 15.31482135892861
0 AIM
1 31304U 07015A   23208.59303895  .00022110  00000-0  72842-3 0  9993
2 31304  97.8700 151.7828 0005140  68.3564 291.8223 15.31482135892861
0 AIM
1 31304U 07015A   23208.59303897  .00022258  00000-0  73327-3 0  9997
2 31304  97.8700 151.7828 0005137  68.3924 291.7863 15.31482197892864
0 AIM
1 31304U 07015A   23209.57309330  .00018805  00000-0  61945-3 0  9990
2 31304  97.8701 152.8235 0005136  66.3273 293.8506 15.31522607893019
0 AIM
1 31304U 07015A   23210.09577825  .00018559  00000-0  61100-3 0  9994
2 31304  97.8701 153.3781 0005064  65.2979 294.8788 15.31544453893096
0 AIM
1 31304U 07015A   23211.40245627  .00020242  00000-0  66480-3 0  9990
2 31304  97.8705 154.7656 0004935  62.9101 297.2642 15.31602985893296
0 AIM
1 31304U 07015A   23212.38243079  .00024909  00000-0  81568-3 0  9995
2 31304  97.8710 155.8063 0004868  61.1114 299.0614 15.31653169893442
0 AIM
1 31304U 07015A   23213.75434548  .00023332  00000-0  76293-3 0  9998
2 31304  97.8712 157.2633 0004763  57.9228 302.2474 15.31714609893657
0 AIM
1 31304U 07015A   23214.79957562  .00028915  00000-0  94255-3 0  9999
2 31304  97.8712 158.3733 0004611  55.9560 304.2117 15.31768933893812
0 AIM
1 31304U 07015A   23215.84476871  .00024045  00000-0  78353-3 0  9996
2 31304  97.8713 159.4833 0004546  53.4105 306.7553 15.31820045893972
0 AIM
1 31304U 07015A   23217.08589218  .00026727  00000-0  86875-3 0  9991
2 31304  97.8710 160.8014 0004347  51.9996 308.1636 15.31878273894162
0 AIM
1 31304U 07015A   23218.39227904  .00021792  00000-0  70776-3 0  9997
2 31304  97.8709 162.1890 0004220  49.4216 310.7391 15.31948755894366
0 AIM
1 31304U 07015A   23219.76392977  .00023132  00000-0  74960-3 0  9991
2 31304  97.8704 163.6467 0004105  46.1817 313.9762 15.32008352894571
0 AIM
1 31304U 07015A   23221.39677282  .00023051  00000-0  74521-3 0  9991
2 31304  97.8703 165.3811 0003840  42.9614 317.1925 15.32087078894823
0 AIM
1 31304U 07015A   23222.57236930  .00022260  00000-0  71862-3 0  9999
2 31304  97.8703 166.6305 0003688  40.3845 319.7669 15.32140568895001
0 AIM
1 31304U 07015A   23223.74792580  .00021918  00000-0  70651-3 0  9991
2 31304  97.8704 167.8798 0003533  37.2968 322.8517 15.32192569895185
0 AIM
1 31304U 07015A   23225.11935808  .00021779  00000-0  70074-3 0  9990
2 31304  97.8707 169.3371 0003316  34.8661 325.2796 15.32253811895391
0 AIM
1 31304U 07015A   23226.42543382  .00020768  00000-0  66727-3 0  9994
2 31304  97.8710 170.7254 0003126  32.1350 328.0080 15.32309591895592
0 AIM
1 31304U 07015A   23227.60086287  .00022031  00000-0  70652-3 0  9998
2 31304  97.8713 171.9749 0002962  29.0515 331.0889 15.32357809895778
0 AIM
1 31304U 07015A   23229.10273980  .00025199  00000-0  80553-3 0  9992
2 31304  97.8716 173.5713 0002726  26.4407 333.6972 15.32431862896009
0 AIM
1 31304U 07015A   23230.40866060  .00022791  00000-0  72764-3 0  9994
2 31304  97.8720 174.9597 0002512  23.6787 336.4568 15.32494979896204
0 AIM
1 31304U 07015A   23231.77981747  .00022767  00000-0  72533-3 0  9992
2 31304  97.8720 176.4178 0002350  21.1369 338.9969 15.32563590896416
0 AIM
1 31304U 07015A   23233.08562678  .00022919  00000-0  72876-3 0  9995
2 31304  97.8716 177.8061 0002117  17.0548 343.0763 15.32625101896619
0 AIM
1 31304U 07015A   23234.39138461  .00022842  00000-0  72492-3 0  9998
2 31304  97.8714 179.1948 0001890  13.8287 346.3005 15.32686674896816
0 AIM
1 31304U 07015A   23236.41520824  .00021353  00000-0  67610-3 0  9993
2 31304  97.8710 181.3477 0001539   8.4752 351.6514 15.32776208897123
0 AIM
1 31304U 07015A   23237.39443531  .00023375  00000-0  73861-3 0  9991
2 31304  97.8710 182.3895 0001377   5.6849 354.4407 15.32822504897273
0 AIM
1 31304U 07015A   23237.59027758  .00021482  00000-0  67905-3 0  9991
2 31304  97.8711 182.5979 0001374   5.7590 354.3666 15.32828444897309
0 AIM
1 31304U 07015A   23237.85139806  .00023086  00000-0  72905-3 0  9996
2 31304  97.8712 182.8756 0001344   4.5596 355.5656 15.32843514897347
0 AIM
1 31304U 07015A   23238.43891242  .00022160  00000-0  69944-3 0  9991
2 31304  97.8712 183.5006 0001221   2.8165 357.3082 15.32869328897434
0 AIM
1 31304U 07015A   23238.43891242  .00022160  00000-0  69944-3 0  9991
2 31304  97.8712 183.5006 0001221   2.8165 357.3082 15.32869328897434
0 AIM
1 31304U 07015A   23238.83058261  .00023948  00000-0  75502-3 0  9993
2 31304  97.8712 183.9174 0001202   0.2065 359.9175 15.32888862897495
0 AIM
1 31304U 07015A   23239.41807959  .00024078  00000-0  75846-3 0  9990
2 31304  97.8714 184.5424 0001063 357.2626   2.8609 15.32916081897586
0 AIM
1 31304U 07015A   23239.74446209  .00025420  00000-0  80003-3 0  9996
2 31304  97.8714 184.8898 0001058 354.7455   5.3774 15.32931868897637
0 AIM
1 31304U 07015A   23239.80973841  .00023595  00000-0  74294-3 0  9996
2 31304  97.8714 184.9593 0001062 354.7525   5.3704 15.32933500897642
0 AIM
1 31304U 07015A   23240.78886449  .00023184  00000-0  72899-3 0  9995
2 31304  97.8717 186.0014 0000916 350.4179   9.7044 15.32980383897793
0 AIM
1 31304U 07015A   23240.78886449  .00023184  00000-0  72899-3 0  9995
2 31304  97.8717 186.0014 0000916 350.4179   9.7044 15.32980383897793
0 AIM
1 31304U 07015A   23241.83323331  .00021912  00000-0  68826-3 0  9990
2 31304  97.8720 187.1130 0000761 343.9181  16.2035 15.33027698897959
0 AIM
1 31304U 07015A   23241.83323331  .00021912  00000-0  68826-3 0  9990
2 31304  97.8720 187.1130 0000761 343.9206  16.2011 15.33027698897951
0 AIM
1 31304U 07015A   23242.42067748  .00021151  00000-0  66399-3 0  9991
2 31304  97.8724 187.7380 0000637 335.9840  24.1371 15.33052235898048
0 AIM
1 31304U 07015A   23243.26919038  .00021534  00000-0  67513-3 0  9996
2 31304  97.8727 188.6409 0000525 322.9608  37.1597 15.33090058898170
0 AIM
1 31304U 07015A   23243.59553605  .00022810  00000-0  71455-3 0  9994
2 31304  97.8728 188.9885 0000495 321.9631  38.1575 15.33104367898225
0 AIM
1 31304U 07015A   23244.57455398  .00025319  00000-0  79145-3 0  9994
2 31304  97.8731 190.0306 0000372 304.1339  55.9866 15.33150501898370
0 AIM
1 31304U 07015A   23244.57455398  .00025319  00000-0  79145-3 0  9994
2 31304  97.8731 190.0306 0000372 304.1339  55.9866 15.33150501898370
0 AIM
1 31304U 07015A   23245.29248085  .00022885  00000-0  71507-3 0  9996
2 31304  97.8730 190.7944 0000364 280.1147  80.0053 15.33185621898485
0 AIM
1 31304U 07015A   23245.61880590  .00023270  00000-0  72666-3 0  9991
2 31304  97.8730 191.1421 0000353 277.4186  82.7014 15.33200506898532
0 AIM
1 31304U 07015A   23245.81459834  .00028749  00000-0  89603-3 0  9991
2 31304  97.8730 191.3505 0000373 276.8594  83.2605 15.33217060898563
0 AIM
1 31304U 07015A   23245.81459877  .00042836  00000-0  13309-2 0  9990
2 31304  97.8730 191.3505 0000370 275.4326  84.6873 15.33226296898561
0 AIM
1 31304U 07015A   23246.59775611  .00028617  00000-0  89074-3 0  9997
2 31304  97.8730 192.1843 0000407 249.3107 110.8090 15.33260286898686
0 AIM
1 31304U 07015A   23246.92406552  .00024073  00000-0  74982-3 0  9993
2 31304  97.8729 192.5316 0000438 244.1515 115.9680 15.33274970898735
0 AIM
1 31304U 07015A   23247.57667511  .00021257  00000-0  66211-3 0  9996
2 31304  97.8730 193.2266 0000489 228.2756 131.8443 15.33301865898834
0 AIM
1 31304U 07015A   23248.09875494  .00021269  00000-0  66204-3 0  9990
2 31304  97.8728 193.7823 0000552 223.1023 137.0175 15.33323708898916
0 AIM
1 31304U 07015A   23248.09875494  .00021269  00000-0  66204-3 0  9990
2 31304  97.8728 193.7823 0000552 223.1023 137.0175 15.33323708898916
0 AIM
1 31304U 07015A   23248.62082784  .00020162  00000-0  62743-3 0  9996
2 31304  97.8727 194.3384 0000613 218.0819 142.0379 15.33342313898991
0 AIM
1 31304U 07015A   23249.59969259  .00022403  00000-0  69567-3 0  9995
2 31304  97.8726 195.3808 0000759 207.9456 152.1744 15.33388365899140
0 AIM
1 31304U 07015A   23249.59969259  .00022403  00000-0  69567-3 0  9995
2 31304  97.8726 195.3808 0000759 207.9456 152.1744 15.33388365899140
0 AIM
1 31304U 07015A   23250.38276360  .00025599  00000-0  79322-3 0  9997
2 31304  97.8725 196.2146 0000895 201.0148 159.1056 15.33427878899267
0 AIM
1 31304U 07015A   23250.57852857  .00026026  00000-0  80614-3 0  9991
2 31304  97.8724 196.4232 0000896 199.2226 160.8981 15.33435930899297
0 AIM
1 31304U 07015A   23251.10056205  .00029756  00000-0  92001-3 0  9990
2 31304  97.8724 196.9790 0000997 198.1176 162.0029 15.33464212899376
0 AIM
1 31304U 07015A   23251.42682903  .00025040  00000-0  77482-3 0  9993
2 31304  97.8724 197.3265 0001064 194.8962 165.2248 15.33476447899427
0 AIM
1 31304U 07015A   23251.81834551  .00023987  00000-0  74208-3 0  9995
2 31304  97.8725 197.7437 0001092 194.5778 165.5432 15.33492609899488
0 AIM
1 31304U 07015A   23251.81834551  .00023987  00000-0  74208-3 0  9995
2 31304  97.8725 197.7437 0001092 194.5778 165.5432 15.33492609899488
0 AIM
1 31304U 07015A   23252.40561087  .00024199  00000-0  74792-3 0  9996
2 31304  97.8726 198.3691 0001231 190.5638 169.5577 15.33521099899574
0 AIM
1 31304U 07015A   23253.12336376  .00023904  00000-0  73800-3 0  9999
2 31304  97.8727 199.1335 0001353 188.1430 171.9789 15.33557858899683
0 AIM
1 31304U 07015A   23253.38436002  .00025260  00000-0  77918-3 0  9995
2 31304  97.8728 199.4118 0001378 185.5023 174.6203 15.33574330899722
0 AIM
1 31304U 07015A   23254.42832474  .00025365  00000-0  78114-3 0  9999
2 31304  97.8730 200.5241 0001577 182.2924 177.8310 15.33625198899881
0 AIM
1 31304U 07015A   23254.42832474  .00025365  00000-0  78114-3 0  9999
2 31304  97.8730 200.5241 0001577 182.2924 177.8310 15.33625198899881
0 AIM
1 31304U 07015A   23255.40700748  .00027876  00000-0  85643-3 0  9990
2 31304  97.8732 201.5668 0001768 179.7084 180.4158 15.33679878900031
0 AIM
1 31304U 07015A   23255.73322699  .00030101  00000-0  92371-3 0  9992
2 31304  97.8732 201.9145 0001871 178.5127 181.6120 15.33699985900083
0 AIM
1 31304U 07015A   23255.79846978  .00038537  00000-0  11801-2 0  9998
2 31304  97.8732 201.9840 0001864 178.1166 182.0083 15.33711968900096
0 AIM
1 31304U 07015A   23255.79846978  .00038537  00000-0  11801-2 0  9998
2 31304  97.8732 201.9840 0001863 178.1222 182.0027 15.33711965900093
0 AIM
1 31304U 07015A   23256.38564830  .00040248  00000-0  12303-2 0  9998
2 31304  97.8734 202.6094 0002089 176.2378 183.8879 15.33758317900182
0 AIM
1 31304U 07015A   23256.90757178  .00030654  00000-0  93796-3 0  9991
2 31304  97.8735 203.1655 0002026 174.5314 185.5950 15.33788636900269
0 AIM
1 31304U 07015A   23256.90757178  .00030676  00000-0  93861-3 0  9998
2 31304  97.8735 203.1655 0002025 174.5439 185.5825 15.33788657900260
0 AIM
1 31304U 07015A   23257.42948377  .00030060  00000-0  91895-3 0  9991
2 31304  97.8736 203.7215 0002134 173.4300 186.6969 15.33821478900344
0 AIM
1 31304U 07015A   23257.82091211  .00026222  00000-0  80192-3 0  9994
2 31304  97.8737 204.1387 0002196 172.8397 187.2876 15.33839218900409
0 AIM
1 31304U 07015A   23258.40804398  .00030570  00000-0  93284-3 0  9994
2 31304  97.8738 204.7646 0002246 171.1231 189.0051 15.33874864900499
0 AIM
1 31304U 07015A   23258.40804398  .00030570  00000-0  93284-3 0  9994
2 31304  97.8738 204.7646 0002246 171.1231 189.0051 15.33874864900499
0 AIM
1 31304U 07015A   23259.38657055  .00027626  00000-0  84225-3 0  9991
2 31304  97.8745 205.8074 0002335 168.2017 191.9280 15.33925422900642
0 AIM
1 31304U 07015A   23259.38657055  .00027626  00000-0  84225-3 0  9991
2 31304  97.8745 205.8074 0002335 168.2017 191.9280 15.33925422900642
0 AIM
1 31304U 07015A   23260.43029728  .00035547  00000-0  10799-2 0  9994
2 31304  97.8747 206.9200 0002499 166.2850 193.8459 15.33982515900804
0 AIM
1 31304U 07015A   23261.40875221  .00032526  00000-0  98692-3 0  9992
2 31304  97.8748 207.9632 0002689 164.5786 195.5538 15.34040530900951
0 AIM
1 31304U 07015A   23261.40875221  .00032526  00000-0  98692-3 0  9992
2 31304  97.8748 207.9632 0002689 164.5786 195.5538 15.34040530900951
0 AIM
1 31304U 07015A   23261.80012328  .00035501  00000-0  10756-2 0  9997
2 31304  97.8748 208.3805 0002780 162.8893 197.2442 15.34067969901016
0 AIM
1 31304U 07015A   23262.38716410  .00036558  00000-0  11057-2 0  9992
2 31304  97.8749 209.0063 0002819 160.4995 199.6355 15.34116072901100
0 AIM
1 31304U 07015A   23263.43074849  .00031103  00000-0  93948-3 0  9993
2 31304  97.8749 210.1192 0003024 158.2994 201.8376 15.34193056901262
0 AIM
1 31304U 07015A   23263.75685928  .00031966  00000-0  96474-3 0  9998
2 31304  97.8749 210.4669 0003049 158.0487 202.0885 15.34213425901313
0 AIM
1 31304U 07015A   23263.82208086  .00030005  00000-0  90588-3 0  9995
2 31304  97.8748 210.5364 0003069 157.9252 202.2123 15.34216358901321
0 AIM
1 31304U 07015A   23264.40906819  .00031614  00000-0  95299-3 0  9990
2 31304  97.8748 211.1625 0003173 156.7562 203.3824 15.34253358901416
0 AIM
1 31304U 07015A   23264.80038556  .00030424  00000-0  91669-3 0  9993
2 31304  97.8747 211.5798 0003275 156.3075 203.8318 15.34275796901477
0 AIM
1 31304U 07015A   23264.80038556  .00030424  00000-0  91669-3 0  9993
2 31304  97.8747 211.5798 0003275 156.3075 203.8318 15.34275796901477
0 AIM
1 31304U 07015A   23265.38735002  .00030404  00000-0  91503-3 0  9992
2 31304  97.8748 212.2061 0003260 154.1795 205.9609 15.34312886901566
0 AIM
1 31304U 07015A   23265.84386785  .00034059  00000-0  10232-2 0  9992
2 31304  97.8746 212.6932 0003367 153.3435 206.7980 15.34344382901630
0 AIM
1 31304U 07015A   23266.10473121  .00033967  00000-0  10199-2 0  9992
2 31304  97.8745 212.9711 0003360 152.6578 207.4841 15.34361007901671
0 AIM
1 31304U 07015A   23266.43080560  .00032476  00000-0  97475-3 0  9996
2 31304  97.8744 213.3190 0003409 152.2150 207.9274 15.34383260901728
0 AIM
1 31304U 07015A   23267.40900317  .00031907  00000-0  95588-3 0  9996
2 31304  97.8744 214.3627 0003553 150.4657 209.6786 15.34446571901874
0 AIM
1 31304U 07015A   23267.40900317  .00031907  00000-0  95588-3 0  9996
2 31304  97.8744 214.3627 0003553 150.4657 209.6786 15.34446571901874
0 AIM
1 31304U 07015A   23267.86548056  .00032991  00000-0  98708-3 0  9995
2 31304  97.8745 214.8496 0003661 149.3332 210.8124 15.34479115901949
0 AIM
1 31304U 07015A   23268.38715541  .00057456  00000-0  17084-2 0  9998
2 31304  97.8747 215.4067 0003728 147.9362 212.2107 15.34538476902026
0 AIM
1 31304U 07015A   23268.58278043  .00042829  00000-0  12765-2 0  9990
2 31304  97.8747 215.6154 0003755 147.3258 212.8216 15.34541097902056
0 AIM
1 31304U 07015A   23268.84360926  .00041196  00000-0  12273-2 0  9991
2 31304  97.8746 215.8936 0003765 146.6854 213.4625 15.34563874902092
0 AIM
1 31304U 07015A   23269.43046079  .00034616  00000-0  10311-2 0  9997
2 31304  97.8750 216.5200 0003880 145.8864 214.2628 15.34608964902181
0 AIM
1 31304U 07015A   23269.82168411  .00044662  00000-0  13261-2 0  9994
2 31304  97.8751 216.9374 0003907 145.1521 214.9978 15.34649878902242
0 AIM
1 31304U 07015A   23270.40850459  .00037702  00000-0  11193-2 0  9999
2 31304  97.8752 217.5638 0004017 144.1104 216.0408 15.34693324902338
0 AIM
1 31304U 07015A   23270.40850459  .00037702  00000-0  11193-2 0  9999
2 31304  97.8752 217.5638 0004017 144.1104 216.0408 15.34693324902338
0 AIM
1 31304U 07015A   23271.38650392  .00029842  00000-0  88562-3 0  9992
2 31304  97.8759 218.6078 0004196 142.2620 217.8917 15.34756473902480
0 AIM
1 31304U 07015A   23271.38650392  .00029842  00000-0  88562-3 0  9992
2 31304  97.8759 218.6078 0004196 142.2620 217.8917 15.34756473902480
0 AIM
1 31304U 07015A   23271.84288994  .00030374  00000-0  90047-3 0  9991
2 31304  97.8759 219.0951 0004240 141.3829 218.7717 15.34785365902554
0 AIM
1 31304U 07015A   23272.42965874  .00030710  00000-0  90926-3 0  9995
2 31304  97.8761 219.7216 0004276 140.5336 219.6218 15.34823950902640
0 AIM
1 31304U 07015A   23272.42965874  .00030710  00000-0  90926-3 0  9995
2 31304  97.8761 219.7216 0004276 140.5336 219.6218 15.34823950902640
0 AIM
1 31304U 07015A   23272.82082891  .00036722  00000-0  10848-2 0  9991
2 31304  97.8763 220.1391 0004320 140.1582 219.9978 15.34855773902702
0 AIM
1 31304U 07015A   23272.82082891  .00036722  00000-0  10848-2 0  9991
2 31304  97.8763 220.1391 0004320 140.1582 219.9978 15.34855773902702
0 AIM
1 31304U 07015A   23274.12467626  .00036649  00000-0  10793-2 0  9996
2 31304  97.8771 221.5313 0004413 136.6260 223.5330 15.34952978902906
0 AIM
1 31304U 07015A   23274.58100179  .00038081  00000-0  11198-2 0  9995
2 31304  97.8772 222.0182 0004500 135.2202 224.9404 15.34990807902972
0 AIM
1 31304U 07015A   23274.84175473  .00037259  00000-0  10951-2 0  9995
2 31304  97.8772 222.2968 0004550 134.8114 225.3499 15.35011118903013
0 AIM
1 31304U 07015A   23275.42843532  .00037608  00000-0  11036-2 0  9991
2 31304  97.8770 222.9235 0004675 134.1155 226.0472 15.35058838903100
0 AIM
1 31304U 07015A   23275.81954649  .00039646  00000-0  11618-2 0  9996
2 31304  97.8772 223.3412 0004694 133.5859 226.5773 15.35089822903161
0 AIM
1 31304U 07015A   23276.53656298  .00039197  00000-0  11467-2 0  9998
2 31304  97.8772 224.1071 0004804 132.3821 227.7828 15.35145399903278
0 AIM
1 31304U 07015A   23276.86247073  .00039617  00000-0  11579-2 0  9992
2 31304  97.8774 224.4552 0004845 131.9186 228.2470 15.35172513903324
0 AIM
1 31304U 07015A   23277.57944608  .00043136  00000-0  12574-2 0  9996
2 31304  97.8774 225.2212 0004917 130.2570 229.9103 15.35235856903438
0 AIM
1 31304U 07015A   23277.84015685  .00043346  00000-0  12625-2 0  9990
2 31304  97.8772 225.4999 0004931 129.8274 230.3402 15.35260053903470
0 AIM
1 31304U 07015A   23278.10086388  .00043749  00000-0  12732-2 0  9994
2 31304  97.8771 225.7784 0004969 129.5039 230.6643 15.35282916903518
0 AIM
1 31304U 07015A   23278.42674123  .00046265  00000-0  13444-2 0  9996
2 31304  97.8770 226.1266 0005011 129.0646 231.1042 15.35316295903567
0 AIM
1 31304U 07015A   23278.81778674  .00047144  00000-0  13682-2 0  9996
2 31304  97.8771 226.5445 0005025 128.5049 231.6644 15.35351297903628
0 AIM
1 31304U 07015A   23279.40433804  .00042459  00000-0  12313-2 0  9999
2 31304  97.8772 227.1714 0005108 127.4152 232.7555 15.35400607903713
0 AIM
1 31304U 07015A   23279.59985090  .00044120  00000-0  12784-2 0  9997
2 31304  97.8771 227.3803 0005137 127.0518 233.1195 15.35417719903747
0 AIM
1 31304U 07015A   23279.86053135  .00043241  00000-0  12522-2 0  9996
2 31304  97.8771 227.6590 0005184 126.4448 233.7273 15.35440784903785
0 AIM
1 31304U 07015A   23280.38188015  .00041385  00000-0  11971-2 0  9995
2 31304  97.8772 228.2165 0005266 125.1667 235.0069 15.35486205903866
0 AIM
1 31304U 07015A   23280.83804874  .00040740  00000-0  11772-2 0  9996
2 31304  97.8771 228.7041 0005309 124.3695 235.8050 15.35522602903931
0 AIM
1 31304U 07015A   23281.42453304  .00044680  00000-0  12879-2 0  9996
2 31304  97.8771 229.3310 0005359 123.7251 236.4503 15.35577271904026
0 AIM
1 31304U 07015A   23281.81551089  .00048095  00000-0  13838-2 0  9998
2 31304  97.8771 229.7490 0005370 123.0891 237.0868 15.35616120904089
0 AIM
1 31304U 07015A   23281.81551089  .00048095  00000-0  13838-2 0  9998
2 31304  97.8771 229.7490 0005370 123.0891 237.0868 15.35616120904089
0 AIM
1 31304U 07015A   23282.59743869  .00045361  00000-0  13028-2 0  9997
2 31304  97.8771 230.5851 0005466 121.6493 238.5283 15.35686876904204
0 AIM
1 31304U 07015A   23282.85807256  .00048383  00000-0  13876-2 0  9995
2 31304  97.8770 230.8638 0005494 121.1012 239.0770 15.35715483904240
0 AIM
1 31304U 07015A   23282.85807256  .00048383  00000-0  13876-2 0  9995
2 31304  97.8770 230.8638 0005494 121.1012 239.0770 15.35715483904240
0 AIM
1 31304U 07015A   23283.57479370  .00045960  00000-0  13158-2 0  9998
2 31304  97.8772 231.6302 0005591 120.0121 240.1676 15.35782816904350
0 AIM
1 31304U 07015A   23283.83541171  .00044315  00000-0  12681-2 0  9999
2 31304  97.8774 231.9088 0005598 119.6066 240.5735 15.35806778904393
0 AIM
1 31304U 07015A   23284.42178676  .00043834  00000-0  12522-2 0  9990
2 31304  97.8776 232.5359 0005657 119.1020 241.0789 15.35862446904483
0 AIM
1 31304U 07015A   23284.55209004  .00043602  00000-0  12452-2 0  9999
2 31304  97.8776 232.6752 0005696 118.5199 241.6617 15.35872719904507
0 AIM
1 31304U 07015A   23285.59447896  .00045050  00000-0  12824-2 0  9999
2 31304  97.8780 233.7900 0005773 116.0119 244.1718 15.35965687904664
0 AIM
1 31304U 07015A   23285.85506601  .00045260  00000-0  12873-2 0  9995
2 31304  97.8781 234.0688 0005789 115.6651 244.5190 15.35990734904709
0 AIM
1 31304U 07015A   23285.85506601  .00045260  00000-0  12873-2 0  9995
2 31304  97.8781 234.0688 0005789 115.6651 244.5190 15.35990734904709
0 AIM
1 31304U 07015A   23286.44137249  .00042241  00000-0  12001-2 0  9998
2 31304  97.8781 234.6960 0005875 114.7637 245.4217 15.36041843904796
0 AIM
1 31304U 07015A   23286.83223113  .00055278  00000-0  15647-2 0  9990
2 31304  97.8781 235.1142 0005876 114.2389 245.9468 15.36088814904853
0 AIM
1 31304U 07015A   23286.83223113  .00055278  00000-0  15647-2 0  9990
2 31304  97.8781 235.1142 0005876 114.2389 245.9468 15.36088814904853
0 AIM
1 31304U 07015A   23287.41849973  .00049039  00000-0  13870-2 0  9997
2 31304  97.8784 235.7413 0005920 113.4385 246.7480 15.36145228904946
0 AIM
1 31304U 07015A   23287.80933461  .00044775  00000-0  12660-2 0  9994
2 31304  97.8787 236.1596 0005947 112.6724 247.5147 15.36177640905003
0 AIM
1 31304U 07015A   23287.80933461  .00044775  00000-0  12660-2 0  9994
2 31304  97.8787 236.1596 0005947 112.6724 247.5147 15.36177640905003
0 AIM
1 31304U 07015A   23288.59098113  .00038702  00000-0  10935-2 0  9993
2 31304  97.8789 236.9964 0006045 110.8770 249.3120 15.36234442905121
0 AIM
1 31304U 07015A   23288.85152303  .00038886  00000-0  10979-2 0  9995
2 31304  97.8790 237.2752 0006050 110.3718 249.8175 15.36255695905167
0 AIM
1 31304U 07015A   23288.85152303  .00038886  00000-0  10979-2 0  9995
2 31304  97.8790 237.2752 0006050 110.3718 249.8175 15.36255695905167
0 AIM
1 31304U 07015A   23289.43773009  .00038389  00000-0  10824-2 0  9999
2 31304  97.8791 237.9024 0006081 109.3897 250.8003 15.36300691905256
0 AIM
1 31304U 07015A   23290.41470629  .00036331  00000-0  10225-2 0  9991
2 31304  97.8794 238.9479 0006133 107.9006 252.2906 15.36370530905402
0 AIM
1 31304U 07015A   23290.41470629  .00036331  00000-0  10225-2 0  9991
2 31304  97.8794 238.9479 0006133 107.9006 252.2906 15.36370530905402
0 AIM
1 31304U 07015A   23291.13112738  .00037032  00000-0  10404-2 0  9993
2 31304  97.8797 239.7149 0006204 106.3742 253.8183 15.36420905905515
0 AIM
1 31304U 07015A   23291.58701929  .00036387  00000-0  10214-2 0  9999
2 31304  97.8797 240.2032 0006244 105.4499 254.7434 15.36451498905583
0 AIM
1 31304U 07015A   23291.58701929  .00036387  00000-0  10214-2 0  9999
2 31304  97.8797 240.2032 0006244 105.4499 254.7434 15.36451498905583
0 AIM
1 31304U 07015A   23292.43364476  .00043446  00000-0  12149-2 0  9999
2 31304  97.8798 241.1095 0006219 104.0131 256.1803 15.36529096905714
0 AIM
1 31304U 07015A   23292.43364476  .00043446  00000-0  12149-2 0  9999
2 31304  97.8798 241.1095 0006219 104.0131 256.1803 15.36529096905714
0 AIM
1 31304U 07015A   23293.41047117  .00039116  00000-0  10919-2 0  9990
2 31304  97.8798 242.1556 0006225 102.2994 257.8946 15.36609092905868
0 AIM
1 31304U 07015A   23293.86630679  .00037448  00000-0  10445-2 0  9990
2 31304  97.8798 242.6438 0006248 101.4230 258.7715 15.36643353905931
0 AIM
1 31304U 07015A   23293.86630679  .00037448  00000-0  10445-2 0  9990
2 31304  97.8798 242.6438 0006248 101.4230 258.7715 15.36643353905931
0 AIM
1 31304U 07015A   23294.58259706  .00036128  00000-0  10061-2 0  9996
2 31304  97.8796 243.4113 0006339  99.7457 260.4502 15.36700174906041
0 AIM
1 31304U 07015A   23294.84305858  .00037403  00000-0  10405-2 0  9994
2 31304  97.8792 243.6903 0006318  98.8586 261.3372 15.36725551906081
0 AIM
1 31304U 07015A   23295.10351690  .00032897  00000-0  91544-3 0  9995
2 31304  97.8791 243.9694 0006328  98.4306 261.7654 15.36743947906128
0 AIM
1 31304U 07015A   23295.42908508  .00027373  00000-0  76216-3 0  9998
2 31304  97.8794 244.3181 0006265  98.0215 262.1739 15.36765879906174
0 AIM
1 31304U 07015A   23295.81976028  .00036568  00000-0  10150-2 0  9993
2 31304  97.8794 244.7367 0006270  97.2766 262.9189 15.36801017906231
0 AIM
1 31304U 07015A   23295.81976028  .00036568  00000-0  10150-2 0  9993
2 31304  97.8794 244.7367 0006270  97.2766 262.9189 15.36801017906231
0 AIM
1 31304U 07015A   23296.86152929  .00030927  00000-0  85761-3 0  9999
2 31304  97.8796 245.8529 0006320  95.3590 264.8373 15.36866781906397
0 AIM
1 31304U 07015A   23296.86152929  .00030927  00000-0  85761-3 0  9999
2 31304  97.8796 245.8529 0006320  95.3590 264.8373 15.36866781906397
0 AIM
1 31304U 07015A   23297.44750559  .00025736  00000-0  71386-3 0  9997
2 31304  97.8796 246.4807 0006404  94.2409 265.9566 15.36897841906480
0 AIM
1 31304U 07015A   23298.42410404  .00029046  00000-0  80346-3 0  9992
2 31304  97.8798 247.5271 0006380  92.8778 267.3195 15.36956810906638
0 AIM
1 31304U 07015A   23298.42410404  .00029046  00000-0  80346-3 0  9992
2 31304  97.8798 247.5271 0006380  92.8778 267.3195 15.36956810906638
0 AIM
1 31304U 07015A   23299.40066497  .00034187  00000-0  94267-3 0  9999
2 31304  97.8800 248.5739 0006373  91.0061 269.1912 15.37020626906781
0 AIM
1 31304U 07015A   23299.85637785  .00041655  00000-0  11455-2 0  9997
2 31304  97.8801 249.0623 0006368  89.5749 270.6223 15.37059947906857
0 AIM
1 31304U 07015A   23300.11677987  .00040367  00000-0  11096-2 0  9997
2 31304  97.8803 249.3413 0006365  88.9414 271.2558 15.37080555906899
0 AIM
1 31304U 07015A   23300.37717833  .00041083  00000-0  11283-2 0  9994
2 31304  97.8804 249.6204 0006337  88.5109 271.6860 15.37103871906939
0 AIM
1 31304U 07015A   23301.41874020  .00033116  00000-0  90882-3 0  9993
2 31304  97.8809 250.7368 0006311  86.6350 273.5615 15.37175445907090
0 AIM
1 31304U 07015A   23301.41874020  .00033116  00000-0  90882-3 0  9993
2 31304  97.8809 250.7368 0006311  86.6350 273.5615 15.37175445907090
0 AIM
1 31304U 07015A   23301.80931160  .00045339  00000-0  12398-2 0  9990
2 31304  97.8810 251.1555 0006327  85.9103 274.2863 15.37215163907152
0 AIM
1 31304U 07015A   23301.80931160  .00045339  00000-0  12398-2 0  9990
2 31304  97.8810 251.1555 0006327  85.9103 274.2863 15.37215163907152
0 AIM
1 31304U 07015A   23302.59042743  .00043988  00000-0  12005-2 0  9990
2 31304  97.8814 251.9930 0006347  84.3596 275.8370 15.37283029907271
0 AIM
1 31304U 07015A   23302.85079139  .00044233  00000-0  12062-2 0  9995
2 31304  97.8816 252.2721 0006333  83.7412 276.4552 15.37307322907317
0 AIM
1 31304U 07015A   23303.82712331  .00040091  00000-0  10913-2 0  9992
2 31304  97.8818 253.3188 0006265  82.0141 278.1813 15.37386565907464
0 AIM
1 31304U 07015A   23304.41289950  .00038563  00000-0  10485-2 0  9999
2 31304  97.8820 253.9470 0006252  81.1875 279.0076 15.37430928907551
0 AIM
1 31304U 07015A   23304.41289950  .00038563  00000-0  10485-2 0  9999
2 31304  97.8820 253.9470 0006252  81.1875 279.0076 15.37430928907551
0 AIM
1 31304U 07015A   23304.86849146  .00037393  00000-0  10158-2 0  9994
2 31304  97.8822 254.4356 0006230  80.3505 279.8442 15.37465223907628
0 AIM
1 31304U 07015A   23305.58440190  .00035132  00000-0  95330-3 0  9995
2 31304  97.8824 255.2038 0006210  79.0281 281.1660 15.37514804907730
0 AIM
1 31304U 07015A   23305.84472650  .00037762  00000-0  10234-2 0  9990
2 31304  97.8823 255.4831 0006183  78.5632 281.6306 15.37537206907772
0 AIM
1 31304U 07015A   23305.84472650  .00037762  00000-0  10234-2 0  9990
2 31304  97.8823 255.4831 0006183  78.5632 281.6306 15.37537206907772
0 AIM
1 31304U 07015A   23306.43044368  .00038547  00000-0  10429-2 0  9995
2 31304  97.8824 256.1113 0006143  77.4867 282.7063 15.37585567907863
0 AIM
1 31304U 07015A   23306.82091238  .00037074  00000-0  10024-2 0  9991
2 31304  97.8824 256.5303 0006099  76.5472 283.6450 15.37614675907920
0 AIM
1 31304U 07015A   23307.14629731  .00037234  00000-0  10059-2 0  9998
2 31304  97.8824 256.8794 0006093  75.9038 284.2882 15.37638911907972
0 AIM
1 31304U 07015A   23307.60182572  .00041677  00000-0  11235-2 0  9999
2 31304  97.8822 257.3682 0006097  75.1430 285.0488 15.37679834908043
0 AIM
1 31304U 07015A   23307.86212283  .00038758  00000-0  10447-2 0  9990
2 31304  97.8822 257.6475 0006092  74.6991 285.4926 15.37700234908081
0 AIM
1 31304U 07015A   23308.44777779  .00038659  00000-0  10404-2 0  9994
2 31304  97.8822 258.2761 0006064  73.9250 286.2660 15.37748978908176
0 AIM
1 31304U 07015A   23308.44777779  .00038659  00000-0  10404-2 0  9994
2 31304  97.8822 258.2761 0006064  73.9250 286.2660 15.37748978908176
0 AIM
1 31304U 07015A   23308.83820424  .00047652  00000-0  12788-2 0  9993
2 31304  97.8820 258.6951 0006021  73.3075 286.8829 15.37787428908234
0 AIM
1 31304U 07015A   23308.83820424  .00047652  00000-0  12788-2 0  9993
2 31304  97.8820 258.6951 0006021  73.3075 286.8829 15.37787428908234
0 AIM
1 31304U 07015A   23309.42382470  .00054652  00000-0  14620-2 0  9998
2 31304  97.8819 259.3234 0005994  72.5026 287.6872 15.37850154908323
0 AIM
1 31304U 07015A   23309.81422301  .00078634  00000-0  20916-2 0  9990
2 31304  97.8820 259.7426 0005961  71.5902 288.5989 15.37914087908389
0 AIM
1 31304U 07015A   23309.81422345  .00049608  00000-0  13264-2 0  9995
2 31304  97.8820 259.7427 0005925  71.6142 288.5746 15.37891608908381
0 AIM
1 31304U 07015A   23309.81422345  .00049608  00000-0  13264-2 0  9995
2 31304  97.8820 259.7427 0005925  71.6142 288.5746 15.37891608908381
0 AIM
1 31304U 07015A   23310.59497258  .00068393  00000-0  18155-2 0  9993
2 31304  97.8817 260.5809 0005929  70.8437 289.3448 15.38023807908504
0 AIM
1 31304U 07015A   23310.79015154  .00064631  00000-0  17151-2 0  9992
2 31304  97.8817 260.7903 0005911  70.9018 289.2865 15.38051322908536
0 AIM
1 31304U 07015A   23310.85521108  .00047834  00000-0  12728-2 0  9991
2 31304  97.8820 260.8602 0005866  70.6242 289.5635 15.38050615908545
0 AIM
1 31304U 07015A   23311.11544542  .00052799  00000-0  14027-2 0  9998
2 31304  97.8819 261.1398 0005870  69.5175 290.6698 15.38073906908580
0 AIM
1 31304U 07015A   23311.44073097  .00054771  00000-0  14528-2 0  9994
2 31304  97.8818 261.4889 0005797  68.8172 291.3690 15.38113232908637
0 AIM
1 31304U 07015A   23312.41655237  .00044747  00000-0  11857-2 0  9998
2 31304  97.8822 262.5367 0005717  67.0763 293.1084 15.38196988908786
0 AIM
1 31304U 07015A   23312.41655237  .00044747  00000-0  11857-2 0  9998
2 31304  97.8822 262.5367 0005717  67.0763 293.1084 15.38196988908786
0 AIM
1 31304U 07015A   23312.87191699  .00041014  00000-0  10862-2 0  9994
2 31304  97.8823 263.0257 0005712  66.2457 293.9385 15.38233823908857
0 AIM
1 31304U 07015A   23313.45736821  .00042971  00000-0  11357-2 0  9994
2 31304  97.8824 263.6541 0005701  66.3516 293.8326 15.38286779908947
0 AIM
1 31304U 07015A   23313.45736821  .00042971  00000-0  11357-2 0  9994
2 31304  97.8824 263.6541 0005701  66.3516 293.8326 15.38286779908947
0 AIM
1 31304U 07015A   23313.84765901  .00041450  00000-0  10947-2 0  9993
2 31304  97.8823 264.0736 0005652  66.1571 294.0265 15.38317749909006
0 AIM
1 31304U 07015A   23314.43308021  .00038387  00000-0  10129-2 0  9992
2 31304  97.8825 264.7023 0005582  64.8737 295.3085 15.38363379909098
0 AIM
1 31304U 07015A   23314.82335120  .00040568  00000-0  10689-2 0  9990
2 31304  97.8826 265.1213 0005531  64.2543 295.9271 15.38395763909150
0 AIM
1 31304U 07015A   23314.82335120  .00040568  00000-0  10689-2 0  9990
2 31304  97.8826 265.1213 0005531  64.2543 295.9271 15.38395763909150
0 AIM
1 31304U 07015A   23315.60387195  .00035327  00000-0  93015-3 0  9998
2 31304  97.8829 265.9604 0005525  61.1836 298.9961 15.38448795909275
0 AIM
1 31304U 07015A   23315.79899782  .00035569  00000-0  93605-3 0  9991
2 31304  97.8829 266.1700 0005509  60.7741 299.4053 15.38463209909306
0 AIM
1 31304U 07015A   23315.86403922  .00033408  00000-0  87947-3 0  9998
2 31304  97.8830 266.2398 0005483  60.6861 299.4930 15.38466761909316
0 AIM
1 31304U 07015A   23316.44940554  .00030102  00000-0  79210-3 0  9992
2 31304  97.8831 266.8686 0005441  59.7337 300.4444 15.38502923909408
0 AIM
1 31304U 07015A   23316.83964125  .00035820  00000-0  94049-3 0  9994
2 31304  97.8833 267.2875 0005390  58.9186 301.2587 15.38532978909467
0 AIM
1 31304U 07015A   23316.83964125  .00035821  00000-0  94052-3 0  9999
2 31304  97.8833 267.2875 0005390  58.9185 301.2587 15.38532979909467
0 AIM
1 31304U 07015A   23317.42498131  .00040514  00000-0  10612-2 0  9998
2 31304  97.8835 267.9163 0005322  58.0400 302.1361 15.38579126909557
0 AIM
1 31304U 07015A   23318.14037534  .00035261  00000-0  92314-3 0  9997
2 31304  97.8839 268.6856 0005287  56.5395 303.6354 15.38626483909663
0 AIM
1 31304U 07015A   23318.59561389  .00030420  00000-0  79653-3 0  9999
2 31304  97.8838 269.1748 0005241  55.4270 304.7467 15.38653670909731
0 AIM
1 31304U 07015A   23319.44103276  .00030405  00000-0  79462-3 0  9992
2 31304  97.8843 270.0833 0005153  53.8019 306.3701 15.38712538909860
0 AIM
1 31304U 07015A   23319.44103276  .00030405  00000-0  79462-3 0  9992
2 31304  97.8843 270.0833 0005153  53.8019 306.3701 15.38712538909860
0 AIM
1 31304U 07015A   23320.35145137  .00031371  00000-0  81817-3 0  9996
2 31304  97.8844 271.0620 0005059  52.2978 307.8724 15.38770355910008
0 AIM
1 31304U 07015A   23321.13178332  .00029650  00000-0  77242-3 0  9990
2 31304  97.8848 271.9007 0005015  50.7207 309.4481 15.38817142910127
0 AIM
1 31304U 07015A   23321.45691558  .00024957  00000-0  65066-3 0  9991
2 31304  97.8850 272.2502 0004962  49.9591 310.2087 15.38830828910173
0 AIM
1 31304U 07015A   23321.45691579  .00023998  00000-0  62584-3 0  9990
2 31304  97.8850 272.2502 0004936  50.4362 309.7317 15.38829607910179
0 AIM
1 31304U 07015A   23321.45691579  .00023998  00000-0  62584-3 0  9990
2 31304  97.8850 272.2502 0004936  50.4362 309.7317 15.38829607910179
0 AIM
1 31304U 07015A   23322.43229362  .00023097  00000-0  60163-3 0  9997
2 31304  97.8849 273.2990 0004832  48.6644 311.5015 15.38875438910322
0 AIM
1 31304U 07015A   23322.62736604  .00024585  00000-0  63995-3 0  9999
2 31304  97.8846 273.5094 0004812  47.9947 312.1706 15.38883313910351
0 AIM
1 31304U 07015A   23322.62736604  .00024585  00000-0  63995-3 0  9999
2 31304  97.8846 273.5094 0004812  47.9947 312.1706 15.38883313910351
0 AIM
1 31304U 07015A   23323.60271036  .00025850  00000-0  67166-3 0  9991
2 31304  97.8845 274.5585 0004721  45.9573 314.2059 15.38928850910505
0 AIM
1 31304U 07015A   23323.86279704  .00026574  00000-0  69000-3 0  9992
2 31304  97.8846 274.8381 0004707  45.1191 315.0434 15.38943364910542
0 AIM
1 31304U 07015A   23323.86279704  .00026574  00000-0  69000-3 0  9992
2 31304  97.8846 274.8381 0004707  45.1191 315.0434 15.38943364910542
0 AIM
1 31304U 07015A   23324.44798361  .00025843  00000-0  67052-3 0  9995
2 31304  97.8845 275.4673 0004598  44.4799 315.6814 15.38973081910633
0 AIM
1 31304U 07015A   23324.83810126  .00028716  00000-0  74397-3 0  9994
2 31304  97.8843 275.8870 0004570  43.1691 316.9911 15.38995805910697
0 AIM
1 31304U 07015A   23325.42326553  .00028522  00000-0  73810-3 0  9990
2 31304  97.8843 276.5162 0004468  42.5397 317.6192 15.39032928910789
0 AIM
1 31304U 07015A   23325.42326553  .00028522  00000-0  73810-3 0  9990
2 31304  97.8843 276.5162 0004468  42.5397 317.6192 15.39032928910789
0 AIM
1 31304U 07015A   23325.81336608  .00039655  00000-0  10226-2 0  9995
2 31304  97.8842 276.9356 0004459  41.0319 319.1259 15.39068740910844
0 AIM
1 31304U 07015A   23325.81336620  .00040296  00000-0  10390-2 0  9994
2 31304  97.8843 276.9358 0004447  41.2911 318.8669 15.39068876910845
0 AIM
1 31304U 07015A   23326.39850065  .00045267  00000-0  11641-2 0  9995
2 31304  97.8843 277.5651 0004388  40.4800 319.6769 15.39122586910939
0 AIM
1 31304U 07015A   23326.78857822  .00050968  00000-0  13077-2 0  9995
2 31304  97.8842 277.9846 0004338  39.6334 320.5227 15.39163332910995
0 AIM
1 31304U 07015A   23326.85359025  .00047902  00000-0  12295-2 0  9990
2 31304  97.8842 278.0545 0004323  39.4496 320.7062 15.39167646911008
0 AIM
1 31304U 07015A   23327.43868575  .00044996  00000-0  11534-2 0  9995
2 31304  97.8843 278.6840 0004201  38.0799 322.0742 15.39223504911094
0 AIM
1 31304U 07015A   23327.76373069  .00041954  00000-0  10751-2 0  9991
2 31304  97.8845 279.0336 0004165  37.0551 323.0980 15.39249564911140
0 AIM
1 31304U 07015A   23327.76373069  .00041954  00000-0  10751-2 0  9991
2 31304  97.8845 279.0336 0004165  37.0551 323.0980 15.39249564911140
0 AIM
1 31304U 07015A   23328.41380340  .00040898  00000-0  10464-2 0  9991
2 31304  97.8850 279.7328 0004141  34.7583 325.3930 15.39303980911241
0 AIM
1 31304U 07015A   23328.80383587  .00042339  00000-0  10818-2 0  9995
2 31304  97.8850 280.1524 0004083  33.8679 326.2826 15.39337544911300
0 AIM
1 31304U 07015A   23328.86884044  .00043860  00000-0  11201-2 0  9992
2 31304  97.8850 280.2223 0004077  34.0371 326.1134 15.39344613911319
0 AIM
1 31304U 07015A   23329.38886667  .00048461  00000-0  12345-2 0  9995
2 31304  97.8851 280.7820 0003974  34.1164 326.0335 15.39397330911398
0 AIM
1 31304U 07015A   23329.84387312  .00083011  00000-0  20984-2 0  9997
2 31304  97.8853 281.2713 0003872  33.6066 326.5423 15.39471954911465
0 AIM
1 31304U 07015A   23329.84387318  .00061726  00000-0  15661-2 0  9998
2 31304  97.8854 281.2712 0003838  33.5926 326.5561 15.39456166911462
0 AIM
1 31304U 07015A   23330.42885496  .00041956  00000-0  10655-2 0  9995
2 31304  97.8856 281.9009 0003711  32.7592 327.3881 15.39528189911559
0 AIM
1 31304U 07015A   23330.42885496  .00041956  00000-0  10655-2 0  9995
2 31304  97.8856 281.9009 0003711  32.7592 327.3881 15.39528189911559
0 AIM
1 31304U 07015A   23330.81883000  .00034397  00000-0  87382-3 0  9990
2 31304  97.8858 282.3203 0003610  33.4578 326.6894 15.39563451911616
0 AIM
1 31304U 07015A   23331.40377563  .00034726  00000-0  88062-3 0  9990
2 31304  97.8862 282.9504 0003568  32.2360 327.9102 15.39615253911703
0 AIM
1 31304U 07015A   23331.79372754  .00042240  00000-0  10682-2 0  9991
2 31304  97.8864 283.3697 0003362  32.6304 327.5148 15.39656609911769
0 AIM
1 31304U 07015A   23331.85871880  .00044639  00000-0  11281-2 0  9992
2 31304  97.8863 283.4399 0003370  32.0307 328.1142 15.39664295911776
0 AIM
1 31304U 07015A   23332.44362750  .00043507  00000-0  10979-2 0  9995
2 31304  97.8864 284.0699 0003313  29.8919 330.2514 15.39714814911867
0 AIM
1 31304U 07015A   23332.83355496  .00046378  00000-0  11683-2 0  9999
2 31304  97.8863 284.4899 0003215  27.9323 332.2094 15.39753306911922
0 AIM
1 31304U 07015A   23332.83355496  .00046378  00000-0  11683-2 0  9999
2 31304  97.8863 284.4899 0003215  27.9323 332.2094 15.39753306911922
0 AIM
1 31304U 07015A   23333.41842726  .00046821  00000-0  11771-2 0  9992
2 31304  97.8866 285.1198 0003059  28.1806 331.9603 15.39812628912016
0 AIM
1 31304U 07015A   23333.80832950  .00049705  00000-0  12473-2 0  9997
2 31304  97.8867 285.5397 0002999  27.3976 332.7426 15.39854518912075
0 AIM
1 31304U 07015A   23334.84802240  .00049240  00000-0  12317-2 0  9992
2 31304  97.8868 286.6595 0002794  26.7353 333.4035 15.39954245912233
0 AIM
1 31304U 07015A   23335.82267068  .00057950  00000-0  14421-2 0  9999
2 31304  97.8869 287.7089 0002546  26.4968 333.6406 15.40069423912385
0 AIM
1 31304U 07015A   23335.82267092  .00053615  00000-0  13353-2 0  9993
2 31304  97.8869 287.7088 0002524  26.3597 333.7775 15.40065948912385
0 AIM
1 31304U 07015A   23336.40742018  .00109094  00000-0  26860-2 0  9994
2 31304  97.8868 288.3391 0002499  26.4604 333.6767 15.40169180912472
0 AIM
1 31304U 07015A   23336.40742018  .00109094  00000-0  26860-2 0  9994
2 31304  97.8868 288.3391 0002499  26.4604 333.6767 15.40169180912472
0 AIM
1 31304U 07015A   23336.79723897  .00036121  00000-0  89901-3 0  9996
2 31304  97.8869 288.7591 0002296  25.2894 334.8463 15.40182274912534
0 AIM
1 31304U 07015A   23336.86220716  .00031768  00000-0  79113-3 0  9992
2 31304  97.8869 288.8292 0002303  25.5147 334.6211 15.40192002912546
0 AIM
1 31304U 07015A   23337.44691708  .00038186  00000-0  94832-3 0  9996
2 31304  97.8867 289.4594 0002267  21.4271 338.7069 15.40236390912633
0 AIM
1 31304U 07015A   23337.83671497  .00039650  00000-0  98348-3 0  9995
2 31304  97.8869 289.8792 0002171  20.4261 339.7070 15.40265183912692
0 AIM
1 31304U 07015A   23338.42139807  .00033802  00000-0  83833-3 0  9991
2 31304  97.8870 290.5097 0002185  17.8226 342.3095 15.40303927912783
0 AIM
1 31304U 07015A   23338.81117722  .00039851  00000-0  98607-3 0  9991
2 31304  97.8867 290.9299 0002090  18.0857 342.0462 15.40338110912849
0 AIM
1 31304U 07015A   23339.39583244  .00033275  00000-0  82338-3 0  9999
2 31304  97.8867 291.5601 0001968  18.0884 342.0431 15.40377642912935
0 AIM
1 31304U 07015A   23339.39583244  .00033275  00000-0  82338-3 0  9999
2 31304  97.8867 291.5601 0001968  18.0884 342.0431 15.40377642912935
0 AIM
1 31304U 07015A   23339.85055323  .00037749  00000-0  93214-3 0  9997
2 31304  97.8865 292.0507 0001974  15.3885 344.7420 15.40413386913004
0 AIM
1 31304U 07015A   23340.43517996  .00032969  00000-0  81386-3 0  9998
2 31304  97.8865 292.6810 0001855  14.0887 346.0409 15.40452434913091
0 AIM
1 31304U 07015A   23340.43517996  .00032969  00000-0  81386-3 0  9998
2 31304  97.8865 292.6810 0001855  14.0887 346.0409 15.40452434913091
0 AIM
1 31304U 07015A   23341.40952688  .00026814  00000-0  66165-3 0  9997
2 31304  97.8863 293.7319 0001675  12.8020 347.3267 15.40509679913247
0 AIM
1 31304U 07015A   23341.86421076  .00026685  00000-0  65797-3 0  9995
2 31304  97.8862 294.2224 0001575  13.0138 347.1147 15.40533483913312
0 AIM
1 31304U 07015A   23342.44879411  .00022277  00000-0  54948-3 0  9999
2 31304  97.8862 294.8527 0001514  11.8143 348.3137 15.40560717913401
0 AIM
1 31304U 07015A   23343.42307631  .00023603  00000-0  58103-3 0  9999
2 31304  97.8868 295.9024 0001353   9.9050 350.2221 15.40609154913558
0 AIM
1 31304U 07015A   23343.42307631  .00023603  00000-0  58103-3 0  9999
2 31304  97.8868 295.9024 0001353   9.9050 350.2221 15.40609154913558
0 AIM
1 31304U 07015A   23344.46227788  .00020708  00000-0  50947-3 0  9999
2 31304  97.8868 297.0235 0001238   7.6624 352.4640 15.40655662913711
0 AIM
1 31304U 07015A   23344.59217572  .00022024  00000-0  54151-3 0  9997
2 31304  97.8869 297.1636 0001197   6.4627 353.6633 15.40661539913739
0 AIM
1 31304U 07015A   23344.85197029  .00021792  00000-0  53563-3 0  9997
2 31304  97.8870 297.4437 0001164   4.7929 355.3327 15.40673219913774
0 AIM
1 31304U 07015A   23345.56639607  .00021925  00000-0  53834-3 0  9998
2 31304  97.8873 298.2142 0001092   3.6862 356.4391 15.40703551913881
0 AIM
1 31304U 07015A   23345.82618401  .00022880  00000-0  56141-3 0  9991
2 31304  97.8874 298.4943 0001071   1.5851 358.5397 15.40714811913920
0 AIM
1 31304U 07015A   23345.82618401  .00022880  00000-0  56141-3 0  9991
2 31304  97.8874 298.4943 0001071   1.5851 358.5397 15.40714811913920
0 AIM
1 31304U 07015A   23346.41069866  .00021812  00000-0  53493-3 0  9993
2 31304  97.8877 299.1245 0000928   0.5204 359.6042 15.40740925914012
0 AIM
1 31304U 07015A   23346.86531458  .00024827  00000-0  60786-3 0  9995
2 31304  97.8878 299.6149 0000917 358.2735   1.8507 15.40763404914087
0 AIM
1 31304U 07015A   23346.86531458  .00024827  00000-0  60786-3 0  9995
2 31304  97.8878 299.6149 0000917 358.2735   1.8507 15.40763404914087
0 AIM
1 31304U 07015A   23347.44980918  .00022429  00000-0  54900-3 0  9996
2 31304  97.8883 300.2452 0000787 356.2417   3.8822 15.40793824914170
0 AIM
1 31304U 07015A   23347.83946532  .00027501  00000-0  67161-3 0  9992
2 31304  97.8883 300.6656 0000756 354.2332   5.8904 15.40819299914235
0 AIM
1 31304U 07015A   23347.83946532  .00027501  00000-0  67161-3 0  9992
2 31304  97.8883 300.6656 0000756 354.2332   5.8904 15.40819299914235
0 AIM
1 31304U 07015A   23348.42393714  .00030946  00000-0  75411-3 0  9990
2 31304  97.8887 301.2957 0000560 356.0858   4.0383 15.40860181914324
0 AIM
1 31304U 07015A   23348.87851557  .00025060  00000-0  61101-3 0  9995
2 31304  97.8888 301.7864 0000527 352.7962   7.3275 15.40888183914394
0 AIM
1 31304U 07015A   23348.87851557  .00025060  00000-0  61101-3 0  9995
2 31304  97.8888 301.7864 0000527 352.7962   7.3275 15.40888183914394
0 AIM
1 31304U 07015A   23349.46296017  .00021102  00000-0  51451-3 0  9995
2 31304  97.8889 302.4170 0000428 351.2763   8.8474 15.40924843914487
0 AIM
1 31304U 07015A   23349.85258231  .00026093  00000-0  63469-3 0  9990
2 31304  97.8889 302.8370 0000366 343.3117  16.8116 15.40952060914540
0 AIM
1 31304U 07015A   23349.85258231  .00026093  00000-0  63469-3 0  9990
2 31304  97.8889 302.8370 0000366 343.3117  16.8116 15.40952060914540
0 AIM
1 31304U 07015A   23350.43700186  .00033465  00000-0  81134-3 0  9997
2 31304  97.8888 303.4679 0000208 344.2328  15.8910 15.40998669914633
0 AIM
1 31304U 07015A   23350.43700186  .00033465  00000-0  81134-3 0  9997
2 31304  97.8888 303.4679 0000208 344.2328  15.8910 15.40998669914633
0 AIM
1 31304U 07015A   23350.82660700  .00033495  00000-0  81134-3 0  9990
2 31304  97.8888 303.8884 0000160 340.1551  19.9688 15.41024962914695
0 AIM
1 31304U 07015A   23351.41100171  .00036745  00000-0  88821-3 0  9998
2 31304  97.8890 304.5191 0000077 313.6571  46.4667 15.41067931914786
0 AIM
1 31304U 07015A   23351.86551797  .00043525  00000-0  10493-2 0  9994
2 31304  97.8889 305.0095 0000073 290.6802  69.4435 15.41110007914859
0 AIM
1 31304U 07015A   23351.86551797  .00043525  00000-0  10493-2 0  9994
2 31304  97.8889 305.0095 0000073 290.6802  69.4435 15.41110007914859
0 AIM
1 31304U 07015A   23352.44987728  .00038420  00000-0  92555-3 0  9994
2 31304  97.8889 305.6406 0000112 267.3922  92.7310 15.41160747914946
0 AIM
1 31304U 07015A   23352.83943940  .00044388  00000-0  10668-2 0  9999
2 31304  97.8888 306.0612 0000138 248.7603 111.3627 15.41199160915004
0 AIM
1 31304U 07015A   23353.42376604  .00046271  00000-0  11097-2 0  9992
2 31304  97.8887 306.6921 0000232 211.6561 148.4670 15.41253276915096
0 AIM
1 31304U 07015A   23353.42376604  .00046271  00000-0  11097-2 0  9992
2 31304  97.8887 306.6921 0000232 211.6561 148.4670 15.41253276915096
0 AIM
1 31304U 07015A   23353.87822893  .00037473  00000-0  89914-3 0  9995
2 31304  97.8886 307.1828 0000300 202.8902 157.2330 15.41287049915168
0 AIM
1 31304U 07015A   23354.46252102  .00044260  00000-0  10587-2 0  9992
2 31304  97.8884 307.8137 0000425 188.0585 172.0654 15.41342639915257
0 AIM
1 31304U 07015A   23354.85203813  .00044163  00000-0  10552-2 0  9994
2 31304  97.8883 308.2343 0000513 186.9236 173.2002 15.41377057915317
0 AIM
1 31304U 07015A   23354.85203813  .00044163  00000-0  10552-2 0  9994
2 31304  97.8883 308.2343 0000513 186.9236 173.2002 15.41377057915317
0 AIM
1 31304U 07015A   23355.43629575  .00045655  00000-0  10885-2 0  9992
2 31304  97.8881 308.8651 0000672 180.4573 179.6672 15.41434259915403
0 AIM
1 31304U 07015A   23355.82578951  .00042689  00000-0  10172-2 0  9999
2 31304  97.8879 309.2859 0000812 179.9114 180.2131 15.41468054915469
0 AIM
1 31304U 07015A   23356.41001270  .00044568  00000-0  10596-2 0  9998
2 31304  97.8880 309.9168 0000930 175.9280 184.1973 15.41524763915559
0 AIM
1 31304U 07015A   23356.41001270  .00044568  00000-0  10596-2 0  9998
2 31304  97.8880 309.9168 0000930 175.9280 184.1973 15.41524763915559
0 AIM
1 31304U 07015A   23356.86439436  .00047590  00000-0  11292-2 0  9998
2 31304  97.8880 310.4075 0001037 174.3060 185.8197 15.41568951915622
0 AIM
1 31304U 07015A   23357.44858108  .00041959  00000-0  99493-3 0  9997
2 31304  97.8881 311.0385 0001200 172.5548 187.5715 15.41619113915719
0 AIM
1 31304U 07015A   23357.44858108  .00041959  00000-0  99493-3 0  9997
2 31304  97.8881 311.0385 0001200 172.5548 187.5715 15.41619113915719
0 AIM
1 31304U 07015A   23357.83802737  .00049885  00000-0  11796-2 0  9992
2 31304  97.8881 311.4590 0001237 170.9048 189.2220 15.41661040915770
0 AIM
1 31304U 07015A   23357.83802739  .00050564  00000-0  11955-2 0  9997
2 31304  97.8881 311.4590 0001223 170.6987 189.4281 15.41661547915775
0 AIM
1 31304U 07015A   23358.42218126  .00046407  00000-0  10962-2 0  9992
2 31304  97.8885 312.0901 0001364 170.3982 189.7290 15.41710310915866
0 AIM
1 31304U 07015A   23358.87650764  .00048453  00000-0  11424-2 0  9996
2 31304  97.8886 312.5806 0001500 170.3639 189.7636 15.41755949915936
0 AIM
1 31304U 07015A   23358.87650764  .00048457  00000-0  11425-2 0  9991
2 31304  97.8886 312.5806 0001500 170.3450 189.7824 15.41755951915939
0 AIM
1 31304U 07015A   23359.46062283  .00042389  00000-0  99876-3 0  9995
2 31304  97.8889 313.2116 0001570 169.0842 191.0437 15.41808429916027
0 AIM
1 31304U 07015A   23359.85002178  .00045370  00000-0  10671-2 0  9993
2 31304  97.8890 313.6322 0001618 168.7873 191.3409 15.41845850916082
0 AIM
1 31304U 07015A   23360.43410347  .00043832  00000-0  10294-2 0  9992
2 31304  97.8892 314.2634 0001763 166.1403 193.9891 15.41898343916177
0 AIM
1 31304U 07015A   23360.43410347  .00043832  00000-0  10294-2 0  9992
2 31304  97.8892 314.2634 0001763 166.1403 193.9891 15.41898343916177
0 AIM
1 31304U 07015A   23360.82348000  .00045502  00000-0  10670-2 0  9995
2 31304  97.8892 314.6843 0001939 164.9795 195.1509 15.41934870916231
0 AIM
1 31304U 07015A   23361.40752925  .00041421  00000-0  97046-3 0  9994
2 31304  97.8894 315.3157 0001995 163.1836 196.9476 15.41983209916320
0 AIM
1 31304U 07015A   23361.79688515  .00043929  00000-0  10276-2 0  9993
2 31304  97.8895 315.7365 0002059 162.5359 197.5957 15.42016819916383
0 AIM
1 31304U 07015A   23361.86177695  .00040832  00000-0  95558-3 0  9990
2 31304  97.8895 315.8065 0002080 162.6111 197.5206 15.42020398916397
0 AIM
1 31304U 07015A   23362.57557265  .00037910  00000-0  88604-3 0  9991
2 31304  97.8897 316.5786 0002073 160.5537 199.5788 15.42076489916500
0 AIM
1 31304U 07015A   23362.83512848  .00039112  00000-0  91326-3 0  9999
2 31304  97.8898 316.8589 0002126 160.8340 199.2986 15.42097613916542
0 AIM
1 31304U 07015A   23362.83512848  .00039112  00000-0  91326-3 0  9999
2 31304  97.8898 316.8589 0002126 160.8340 199.2986 15.42097613916542
0 AIM
1 31304U 07015A   23363.41911697  .00038323  00000-0  89367-3 0  9994
2 31304  97.8902 317.4904 0002240 159.2902 200.8435 15.42141785916637
0 AIM
1 31304U 07015A   23363.87331816  .00039328  00000-0  91582-3 0  9991
2 31304  97.8902 317.9815 0002325 158.2750 201.8595 15.42178054916702
0 AIM
1 31304U 07015A   23363.87331816  .00039328  00000-0  91582-3 0  9991
2 31304  97.8902 317.9815 0002325 158.2750 201.8595 15.42178054916702
0 AIM
1 31304U 07015A   23364.45727555  .00035278  00000-0  82096-3 0  9995
2 31304  97.8904 318.6129 0002418 157.0457 203.0897 15.42221526916795
0 AIM
1 31304U 07015A   23364.84657197  .00035966  00000-0  83607-3 0  9995
2 31304  97.8906 319.0337 0002457 156.0874 204.0486 15.42249574916853
0 AIM
1 31304U 07015A   23365.36562312  .00031995  00000-0  74355-3 0  9995
2 31304  97.8907 319.5951 0002548 154.8257 205.3113 15.42283481916938
0 AIM
1 31304U 07015A   23365.88466249  .00032131  00000-0  74580-3 0  9997
2 31304  97.8906 320.1564 0002660 153.6979 206.4402 15.42318642917019
0 AIM
1 31304U 07015A   24001.46856834  .00030365  00000-0  70423-3 0  9991
2 31304  97.8907 320.7880 0002782 152.4257 207.7137 15.42355133917103
0 AIM
1 31304U 07015A   24001.46856834  .00030365  00000-0  70423-3 0  9991
2 31304  97.8907 320.7880 0002782 152.4257 207.7137 15.42355133917103
0 AIM
1 31304U 07015A   24001.85783070  .00034794  00000-0  80540-3 0  9996
2 31304  97.8905 321.2092 0002836 151.6985 208.4416 15.42383998917165
0 AIM
1 31304U 07015A   24002.44170967  .00039251  00000-0  90631-3 0  9992
2 31304  97.8904 321.8408 0002951 150.6259 209.5153 15.42431678917251
0 AIM
1 31304U 07015A   24002.44170967  .00039251  00000-0  90631-3 0  9992
2 31304  97.8904 321.8408 0002951 150.6259 209.5153 15.42431678917251
0 AIM
1 31304U 07015A   24002.76608023  .00034997  00000-0  80821-3 0  9998
2 31304  97.8903 322.1918 0002983 149.7618 210.3800 15.42451701917307
0 AIM
1 31304U 07015A   24003.41480655  .00033635  00000-0  77581-3 0  9997
2 31304  97.8904 322.8938 0003099 148.5756 211.5675 15.42497237917404
0 AIM
1 31304U 07015A   24003.41480655  .00033635  00000-0  77581-3 0  9997
2 31304  97.8904 322.8938 0003099 148.5756 211.5675 15.42497237917404
0 AIM
1 31304U 07015A   24003.86890379  .00035067  00000-0  80771-3 0  9990
2 31304  97.8901 323.3851 0003209 147.9828 212.1613 15.42529628917473
0 AIM
1 31304U 07015A   24004.45272866  .00033988  00000-0  78194-3 0  9997
2 31304  97.8900 324.0169 0003320 148.1257 212.0190 15.42571053917563
0 AIM
1 31304U 07015A   24004.45272866  .00033988  00000-0  78194-3 0  9997
2 31304  97.8900 324.0169 0003320 148.1257 212.0190 15.42571053917563
0 AIM
1 31304U 07015A   24004.84193718  .00033450  00000-0  76898-3 0  9991
2 31304  97.8900 324.4375 0003227 145.9559 214.1894 15.42597531917622
0 AIM
1 31304U 07015A   24005.42573719  .00036298  00000-0  83279-3 0  9993
2 31304  97.8901 325.0694 0003277 145.0667 215.0794 15.42639400917711
0 AIM
1 31304U 07015A   24005.81492879  .00032420  00000-0  74383-3 0  9992
2 31304  97.8900 325.4905 0003334 144.2515 215.8955 15.42663143917770
0 AIM
1 31304U 07015A   24005.87979313  .00035086  00000-0  80435-3 0  9997
2 31304  97.8900 325.5608 0003361 144.1755 215.9717 15.42670509917788
0 AIM
1 31304U 07015A   24006.46356538  .00030999  00000-0  71037-3 0  9997
2 31304  97.8899 326.1922 0003462 142.8326 217.3160 15.42708729917876
0 AIM
1 31304U 07015A   24006.85273918  .00032298  00000-0  73927-3 0  9994
2 31304  97.8898 326.6133 0003516 141.9124 218.2371 15.42734489917933
0 AIM
1 31304U 07015A   24006.85273918  .00032298  00000-0  73927-3 0  9994
2 31304  97.8898 326.6133 0003516 141.9124 218.2371 15.42734489917933
0 AIM
1 31304U 07015A   24007.37162664  .00033642  00000-0  76886-3 0  9998
2 31304  97.8898 327.1747 0003631 140.6528 219.4982 15.42771607918016
0 AIM
1 31304U 07015A   24007.82564297  .00036033  00000-0  82215-3 0  9996
2 31304  97.8897 327.6661 0003658 139.2181 220.9339 15.42805406918088
0 AIM
1 31304U 07015A   24007.82564297  .00036033  00000-0  82215-3 0  9996
2 31304  97.8897 327.6661 0003658 139.2181 220.9339 15.42805406918088
0 AIM
1 31304U 07015A   24008.40936401  .00033348  00000-0  76028-3 0  9992
2 31304  97.8899 328.2976 0003790 138.2486 221.9050 15.42845910918175
0 AIM
1 31304U 07015A   24008.86335799  .00038896  00000-0  88467-3 0  9998
2 31304  97.8899 328.7888 0003852 137.6577 222.4967 15.42882790918243
0 AIM
1 31304U 07015A   24008.86335799  .00038896  00000-0  88467-3 0  9998
2 31304  97.8899 328.7888 0003852 137.6577 222.4967 15.42882790918243
0 AIM
1 31304U 07015A   24009.44704846  .00040324  00000-0  91540-3 0  9991
2 31304  97.8902 329.4207 0003969 136.9647 223.1910 15.42930905918338
0 AIM
1 31304U 07015A   24009.83616510  .00042131  00000-0  95503-3 0  9995
2 31304  97.8902 329.8418 0004013 136.6016 223.5547 15.42964536918397
0 AIM
1 31304U 07015A   24010.41982438  .00042319  00000-0  95764-3 0  9993
2 31304  97.8906 330.4737 0004108 135.7293 224.4282 15.43014649918483
0 AIM
1 31304U 07015A   24010.41982438  .00042319  00000-0  95764-3 0  9993
2 31304  97.8906 330.4737 0004108 135.7293 224.4282 15.43014649918483
0 AIM
1 31304U 07015A   24011.45738811  .00047284  00000-0  10653-2 0  9991
2 31304  97.8908 331.5973 0004298 134.6311 225.5286 15.43118884918648
0 AIM
1 31304U 07015A   24011.84645631  .00050673  00000-0  11394-2 0  9990
2 31304  97.8910 332.0186 0004312 133.0917 227.0691 15.43160761918700
0 AIM
1 31304U 07015A   24012.43004042  .00049572  00000-0  11127-2 0  9991
2 31304  97.8914 332.6504 0004364 132.2227 227.9390 15.43218107918798
0 AIM
1 31304U 07015A   24012.81908441  .00048204  00000-0  10809-2 0  9996
2 31304  97.8915 333.0716 0004419 131.4138 228.7488 15.43255261918858
0 AIM
1 31304U 07015A   24012.88392401  .00048571  00000-0  10888-2 0  9990
2 31304  97.8915 333.1419 0004418 131.3675 228.7952 15.43262501918865
0 AIM
1 31304U 07015A   24013.46746884  .00047779  00000-0  10691-2 0  9994
2 31304  97.8919 333.7739 0004526 130.4396 229.7246 15.43320293918950
0 AIM
1 31304U 07015A   24013.85648700  .00049828  00000-0  11131-2 0  9992
2 31304  97.8918 334.1957 0004562 129.9730 230.1917 15.43359102919011
0 AIM
1 31304U 07015A   24014.43999534  .00051179  00000-0  11407-2 0  9999
2 31304  97.8918 334.8281 0004684 129.2160 230.9503 15.43419239919100
0 AIM
1 31304U 07015A   24014.82898736  .00056471  00000-0  12556-2 0  9990
2 31304  97.8918 335.2496 0004766 128.2527 231.9149 15.43465461919161
0 AIM
1 31304U 07015A   24014.82898736  .00056471  00000-0  12556-2 0  9990
2 31304  97.8918 335.2496 0004766 128.2527 231.9149 15.43465461919161
0 AIM
1 31304U 07015A   24015.41245410  .00058291  00000-0  12927-2 0  9995
2 31304  97.8918 335.8821 0004883 127.2551 232.9142 15.43533732919256
0 AIM
1 31304U 07015A   24015.86624394  .00049935  00000-0  11070-2 0  9999
2 31304  97.8918 336.3737 0004967 127.3222 232.8478 15.43584234919329
0 AIM
1 31304U 07015A   24015.86624394  .00049935  00000-0  11070-2 0  9999
2 31304  97.8918 336.3737 0004967 127.3227 232.8473 15.43584233919328
0 AIM
1 31304U 07015A   24016.44966684  .00055007  00000-0  12158-2 0  9990
2 31304  97.8916 337.0062 0004950 126.0895 234.0810 15.43648425919417
0 AIM
1 31304U 07015A   24016.83860203  .00050307  00000-0  11112-2 0  9990
2 31304  97.8916 337.4275 0005052 125.8534 234.3183 15.43690448919472
0 AIM
1 31304U 07015A   24017.42198548  .00051683  00000-0  11390-2 0  9998
2 31304  97.8916 338.0603 0005055 124.3323 235.8402 15.43751278919566
0 AIM
1 31304U 07015A   24017.42198548  .00051683  00000-0  11390-2 0  9998
2 31304  97.8916 338.0603 0005055 124.3323 235.8402 15.43751278919566
0 AIM
1 31304U 07015A   24017.87571178  .00048320  00000-0  10637-2 0  9998
2 31304  97.8916 338.5518 0005216 125.4715 234.7019 15.43799826919633
0 AIM
1 31304U 07015A   24018.45905422  .00047748  00000-0  10492-2 0  9998
2 31304  97.8912 339.1844 0005210 123.8452 236.3291 15.43857024919727
0 AIM
1 31304U 07015A   24018.84793713  .00051807  00000-0  11360-2 0  9995
2 31304  97.8910 339.6061 0005248 122.7061 237.4692 15.43899090919788
0 AIM
1 31304U 07015A   24019.43124174  .00052539  00000-0  11495-2 0  9992
2 31304  97.8911 340.2389 0005230 120.6553 239.5210 15.43961471919876
0 AIM
1 31304U 07015A   24019.82009777  .00049770  00000-0  10878-2 0  9993
2 31304  97.8911 340.6601 0005374 120.8784 239.2992 15.44005100919934
0 AIM
1 31304U 07015A   24019.88490607  .00047900  00000-0  10470-2 0  9996
2 31304  97.8912 340.7304 0005373 120.5308 239.6470 15.44012103919941
0 AIM
1 31304U 07015A   24020.46816929  .00046422  00000-0  10131-2 0  9993
2 31304  97.8909 341.3631 0005378 119.0194 241.1592 15.44066223920035
0 AIM
1 31304U 07015A   24020.85699937  .00050009  00000-0  10892-2 0  9994
2 31304  97.8909 341.7846 0005431 118.9213 241.2579 15.44107159920093
0 AIM
1 31304U 07015A   24020.85699945  .00049216  00000-0  10721-2 0  9992
2 31304  97.8909 341.7846 0005438 119.0764 241.1028 15.44106284920099
0 AIM
1 31304U 07015A   24020.85699945  .00049216  00000-0  10721-2 0  9992
2 31304  97.8909 341.7846 0005438 119.0764 241.1028 15.44106284920099
0 AIM
1 31304U 07015A   24021.82903068  .00050215  00000-0  10899-2 0  9991
2 31304  97.8912 342.8386 0005584 117.6163 242.5651 15.44208304920243
0 AIM
1 31304U 07015A   24022.41221936  .00047089  00000-0  10207-2 0  9992
2 31304  97.8913 343.4714 0005652 116.3636 243.8192 15.44262960920335
0 AIM
1 31304U 07015A   24022.86579522  .00050130  00000-0  10843-2 0  9995
2 31304  97.8909 343.9638 0005727 116.0096 244.1741 15.44310561920403
0 AIM
1 31304U 07015A   24023.44894186  .00052869  00000-0  11403-2 0  9990
2 31304  97.8910 344.5964 0005761 115.5152 244.6691 15.44380787920494
0 AIM
1 31304U 07015A   24023.83769284  .00049003  00000-0  10561-2 0  9993
2 31304  97.8912 345.0180 0005897 115.5211 244.6646 15.44422335920551
0 AIM
1 31304U 07015A   24024.42080059  .00062115  00000-0  13330-2 0  9991
2 31304  97.8915 345.6511 0005860 113.1281 247.0584 15.44486104920641
0 AIM
1 31304U 07015A   24024.80952571  .00053991  00000-0  11586-2 0  9993
2 31304  97.8917 346.0726 0005884 113.4252 246.7614 15.44525303920705
0 AIM
1 31304U 07015A   24024.87431186  .00048197  00000-0  10350-2 0  9994
2 31304  97.8917 346.1432 0005970 114.5231 245.6639 15.44531909920710
0 AIM
1 31304U 07015A   24025.45737987  .00047814  00000-0  10251-2 0  9992
2 31304  97.8918 346.7760 0005837 112.1443 248.0424 15.44583349920806
0 AIM
1 31304U 07015A   24025.84608056  .00053645  00000-0  11475-2 0  9997
2 31304  97.8922 347.1975 0005883 112.3103 247.8768 15.44621616920864
0 AIM
1 31304U 07015A   24025.84608056  .00053645  00000-0  11475-2 0  9997
2 31304  97.8922 347.1975 0005883 112.3103 247.8768 15.44621616920864
0 AIM
1 31304U 07015A   24026.42911335  .00059432  00000-0  12674-2 0  9991
2 31304  97.8924 347.8307 0005895 109.9702 250.2181 15.44684808920951
0 AIM
1 31304U 07015A   24026.88256761  .00050882  00000-0  10851-2 0  9991
2 31304  97.8928 348.3228 0005957 110.7795 249.4091 15.44724347921026
0 AIM
1 31304U 07015A   24027.46556153  .00050557  00000-0  10761-2 0  9993
2 31304  97.8930 348.9557 0005977 109.5455 250.6438 15.44782040921114
0 AIM
1 31304U 07015A   24027.85421316  .00049199  00000-0  10462-2 0  9996
2 31304  97.8933 349.3775 0005964 108.0345 252.1553 15.44816889921172
0 AIM
1 31304U 07015A   24028.43717336  .00043842  00000-0  93158-3 0  9994
2 31304  97.8936 350.0106 0006021 107.0125 253.1783 15.44866720921267
0 AIM
1 31304U 07015A   24028.43717336  .00043842  00000-0  93158-3 0  9994
2 31304  97.8936 350.0106 0006021 107.0125 253.1783 15.44866720921267
0 AIM
1 31304U 07015A   24028.82580203  .00048336  00000-0  10249-2 0  9990
2 31304  97.8936 350.4329 0006028 106.3014 253.8897 15.44905986921322
0 AIM
1 31304U 07015A   24029.47349616  .00049655  00000-0  10504-2 0  9992
2 31304  97.8937 351.1363 0006076 104.8696 255.3224 15.44968297921427
0 AIM
1 31304U 07015A   24029.66779993  .00045064  00000-0  95363-3 0  9995
2 31304  97.8938 351.3473 0006065 104.3418 255.8502 15.44980980921457
0 AIM
1 31304U 07015A   24030.44499044  .00047766  00000-0  10077-2 0  9998
2 31304  97.8939 352.1917 0006108 102.9137 257.2793 15.45057231921576
0 AIM
1 31304U 07015A   24030.83357203  .00047681  00000-0  10047-2 0  9994
2 31304  97.8939 352.6139 0006127 101.7890 258.4045 15.45093492921630
0 AIM
1 31304U 07015A   24030.83357203  .00047681  00000-0  10047-2 0  9994
2 31304  97.8939 352.6139 0006127 101.7890 258.4045 15.45093492921630
0 AIM
1 31304U 07015A   24031.41642833  .00043016  00000-0  90564-3 0  9996
2 31304  97.8939 353.2473 0006169 101.1334 259.0607 15.45142198921720
0 AIM
1 31304U 07015A   24032.12878304  .00044029  00000-0  92488-3 0  9991
2 31304  97.8939 354.0212 0006171  98.7106 261.4840 15.45203167921833
0 AIM
1 31304U 07015A   24032.45257123  .00038919  00000-0  81762-3 0  9991
2 31304  97.8939 354.3731 0006172  98.1624 262.0324 15.45227673921889
0 AIM
1 31304U 07015A   24033.42390087  .00042044  00000-0  88018-3 0  9991
2 31304  97.8937 355.4289 0006179  96.7203 263.4748 15.45313548922031
0 AIM
1 31304U 07015A   24033.42390087  .00042044  00000-0  88018-3 0  9991
2 31304  97.8937 355.4289 0006179  96.7203 263.4748 15.45313548922031
0 AIM
1 31304U 07015A   24033.87716984  .00043183  00000-0  90263-3 0  9998
2 31304  97.8931 355.9221 0006155  96.5792 263.6156 15.45353008922109
0 AIM
1 31304U 07015A   24034.45992804  .00039144  00000-0  81752-3 0  9995
2 31304  97.8931 356.5554 0006159  95.7328 264.4622 15.45399643922196
0 AIM
1 31304U 07015A   24034.45992804  .00039144  00000-0  81752-3 0  9995
2 31304  97.8931 356.5554 0006159  95.7328 264.4622 15.45399643922196
0 AIM
1 31304U 07015A   24034.84842346  .00044178  00000-0  92069-3 0  9999
2 31304  97.8931 356.9774 0006146  95.1148 265.0801 15.45435064922255
0 AIM
1 31304U 07015A   24035.43115016  .00047430  00000-0  98609-3 0  9992
2 31304  97.8933 357.6110 0006136  92.6255 267.5695 15.45489634922349
0 AIM
1 31304U 07015A   24035.43115016  .00047430  00000-0  98609-3 0  9992
2 31304  97.8933 357.6110 0006136  92.6255 267.5695 15.45489634922349
0 AIM
1 31304U 07015A   24035.88436698  .00047976  00000-0  99585-3 0  9992
2 31304  97.8932 358.1037 0006124  92.2710 267.9238 15.45533589922415
0 AIM
1 31304U 07015A   24036.46705502  .00049243  00000-0  10199-2 0  9992
2 31304  97.8932 358.7369 0006132  90.9977 269.1973 15.45592107922509
0 AIM
1 31304U 07015A   24036.46705502  .00049243  00000-0  10199-2 0  9992
2 31304  97.8932 358.7369 0006132  90.9977 269.1973 15.45592107922509
0 AIM
1 31304U 07015A   24036.85550144  .00052135  00000-0  10778-2 0  9992
2 31304  97.8931 359.1592 0006087  90.4670 269.7275 15.45632542922560
0 AIM
1 31304U 07015A   24037.43814966  .00059474  00000-0  12251-2 0  9993
2 31304  97.8928 359.7930 0006137  90.6587 269.5364 15.45703646922654
0 AIM
1 31304U 07015A   24037.43814966  .00059474  00000-0  12251-2 0  9993
2 31304  97.8928 359.7930 0006137  90.6587 269.5364 15.45703646922654
0 AIM
1 31304U 07015A   24037.89130307  .00052569  00000-0  10821-2 0  9992
2 31304  97.8931   0.2853 0006163  91.2625 268.9328 15.45756074922723
0 AIM
1 31304U 07015A   24038.47390863  .00051139  00000-0  10509-2 0  9997
2 31304  97.8930   0.9191 0006146  89.8689 270.3263 15.45812352922815
0 AIM
1 31304U 07015A   24038.47390863  .00051139  00000-0  10509-2 0  9997
2 31304  97.8930   0.9191 0006146  89.8689 270.3263 15.45812352922815
0 AIM
1 31304U 07015A   24038.86229899  .00054824  00000-0  11242-2 0  9999
2 31304  97.8931   1.3412 0006150  89.9680 270.2273 15.45858281922871
0 AIM
1 31304U 07015A   24039.44486347  .00054792  00000-0  11210-2 0  9996
2 31304  97.8933   1.9753 0006127  88.2994 271.8956 15.45924979922964
0 AIM
1 31304U 07015A   24039.44486347  .00054792  00000-0  11210-2 0  9996
2 31304  97.8933   1.9753 0006127  88.2994 271.8956 15.45924979922964
0 AIM
1 31304U 07015A   24039.89795085  .00056912  00000-0  11617-2 0  9994
2 31304  97.8937   2.4678 0006149  88.5337 271.6615 15.45982335923037
0 AIM
1 31304U 07015A   24040.41574679  .00056947  00000-0  11602-2 0  9990
2 31304  97.8938   3.0315 0006137  86.5639 273.6311 15.46037997923113
0 AIM
1 31304U 07015A   24040.86880204  .00059001  00000-0  11995-2 0  9992
2 31304  97.8940   3.5243 0006078  86.8304 273.3639 15.46090763923184
0 AIM
1 31304U 07015A   24041.45127969  .00057328  00000-0  11633-2 0  9999
2 31304  97.8942   4.1586 0006045  85.2232 274.9706 15.46153850923279
0 AIM
1 31304U 07015A   24041.83958505  .00061909  00000-0  12535-2 0  9991
2 31304  97.8945   4.5809 0006038  85.5149 274.6789 15.46197259923332
0 AIM
1 31304U 07015A   24042.42202053  .00062920  00000-0  12706-2 0  9991
2 31304  97.8947   5.2152 0006089  84.2283 275.9659 15.46269808923424
0 AIM
1 31304U 07015A   24042.42202053  .00062920  00000-0  12706-2 0  9991
2 31304  97.8947   5.2152 0006089  84.2283 275.9659 15.46269808923424
0 AIM
1 31304U 07015A   24042.87500725  .00056546  00000-0  11408-2 0  9992
2 31304  97.8948   5.7081 0006061  84.5602 275.6337 15.46326561923496
0 AIM
1 31304U 07015A   24043.45739180  .00060905  00000-0  12245-2 0  9990
2 31304  97.8948   6.3425 0006004  82.9313 277.2618 15.46408055923582
0 AIM
1 31304U 07015A   24043.45739180  .00060905  00000-0  12245-2 0  9990
2 31304  97.8948   6.3425 0006004  82.9313 277.2618 15.46408055923582
0 AIM
1 31304U 07015A   24043.84563130  .00062302  00000-0  12500-2 0  9990
2 31304  97.8948   6.7651 0005976  82.6003 277.5924 15.46462266923641
0 AIM
1 31304U 07015A   24044.42796673  .00064210  00000-0  12846-2 0  9998
2 31304  97.8949   7.4000 0005974  80.4428 279.7495 15.46537627923734
0 AIM
1 31304U 07015A   24044.42796673  .00064210  00000-0  12846-2 0  9998
2 31304  97.8949   7.4000 0005974  80.4428 279.7495 15.46537627923734
0 AIM
1 31304U 07015A   24044.88087413  .00072098  00000-0  14375-2 0  9995
2 31304  97.8951   7.8928 0005878  79.9811 280.2100 15.46603028923809
0 AIM
1 31304U 07015A   24045.46315665  .00071709  00000-0  14260-2 0  9994
2 31304  97.8948   8.5271 0005803  78.4102 281.7797 15.46681606923894
0 AIM
1 31304U 07015A   24045.46315665  .00071709  00000-0  14260-2 0  9994
2 31304  97.8948   8.5271 0005803  78.4102 281.7797 15.46681606923894
0 AIM
1 31304U 07015A   24046.43356309  .00064192  00000-0  12724-2 0  9993
2 31304  97.8947   9.5842 0005773  77.0521 283.1372 15.46808741924048
0 AIM
1 31304U 07015A   24046.43356309  .00064192  00000-0  12724-2 0  9993
2 31304  97.8947   9.5842 0005773  77.0521 283.1372 15.46808741924048
0 AIM
1 31304U 07015A   24046.88639246  .00058266  00000-0  11538-2 0  9993
2 31304  97.8948  10.0771 0005734  77.0166 283.1722 15.46864398924116
0 AIM
1 31304U 07015A   24047.46857769  .00078595  00000-0  15476-2 0  9992
2 31304  97.8945  10.7116 0005693  75.4774 284.7105 15.46940441924200
0 AIM
1 31304U 07015A   24047.46857769  .00078595  00000-0  15476-2 0  9992
2 31304  97.8945  10.7116 0005693  75.4774 284.7105 15.46940441924200
0 AIM
1 31304U 07015A   24047.85668515  .00058194  00000-0  11476-2 0  9993
2 31304  97.8945  11.1342 0005629  75.7994 284.3879 15.46985941924266
0 AIM
1 31304U 07015A   24047.85668515  .00058194  00000-0  11476-2 0  9993
2 31304  97.8945  11.1342 0005629  75.7994 284.3879 15.46985941924266
0 AIM
1 31304U 07015A   24048.43882364  .00061733  00000-0  12136-2 0  9995
2 31304  97.8945  11.7688 0005600  74.4372 285.7494 15.47060915924354
0 AIM
1 31304U 07015A   24048.89157862  .00059729  00000-0  11722-2 0  9995
2 31304  97.8945  12.2619 0005540  74.6818 285.5042 15.47119767924429
0 AIM
1 31304U 07015A   24048.89157862  .00059729  00000-0  11722-2 0  9995
2 31304  97.8945  12.2619 0005540  74.6818 285.5042 15.47119767924429
0 AIM
1 31304U 07015A   24049.47366775  .00066906  00000-0  13083-2 0  9992
2 31304  97.8942  12.8968 0005478  73.2232 286.9617 15.47193803924510
0 AIM
1 31304U 07015A   24049.86171127  .00062649  00000-0  12237-2 0  9990
2 31304  97.8944  13.3194 0005437  73.4490 286.7355 15.47244640924571
0 AIM
1 31304U 07015A   24050.44375390  .00058002  00000-0  11311-2 0  9994
2 31304  97.8944  13.9542 0005413  71.9115 288.2722 15.47312914924660
0 AIM
1 31304U 07015A   24050.44375390  .00058002  00000-0  11311-2 0  9994
2 31304  97.8944  13.9542 0005413  71.9115 288.2722 15.47312914924660
0 AIM
1 31304U 07015A   24050.89643637  .00049031  00000-0  95588-3 0  9996
2 31304  97.8946  14.4474 0005367  72.4145 287.7689 15.47363448924731
0 AIM
1 31304U 07015A   24051.47843605  .00050772  00000-0  98750-3 0  9996
2 31304  97.8943  15.0825 0005424  70.3214 289.8619 15.47422998924825
0 AIM
1 31304U 07015A   24051.47843605  .00050772  00000-0  98750-3 0  9996
2 31304  97.8943  15.0825 0005424  70.3214 289.8619 15.47422998924825
0 AIM
1 31304U 07015A   24051.86642231  .00052814  00000-0  10253-2 0  9991
2 31304  97.8946  15.5051 0005324  70.6573 289.5251 15.47468075924885
0 AIM
1 31304U 07015A   24052.44838041  .00054570  00000-0  10566-2 0  9990
2 31304  97.8947  16.1401 0005301  69.1829 290.9987 15.47536404924978
0 AIM
1 31304U 07015A   24052.44838041  .00054570  00000-0  10566-2 0  9990
2 31304  97.8947  16.1401 0005301  69.1829 290.9987 15.47536404924978
0 AIM
1 31304U 07015A   24052.90099844  .00048200  00000-0  93274-3 0  9992
2 31304  97.8950  16.6337 0005268  69.6202 290.5612 15.47583134925049
0 AIM
1 31304U 07015A   24053.61222852  .00053580  00000-0  10334-2 0  9990
2 31304  97.8950  17.4096 0005223  68.0196 292.1607 15.47654125925159
0 AIM
1 31304U 07015A   24053.87084946  .00050082  00000-0  96558-3 0  9995
2 31304  97.8952  17.6916 0005181  68.0008 292.1791 15.47681541925199
0 AIM
1 31304U 07015A   24053.87084946  .00050082  00000-0  96558-3 0  9995
2 31304  97.8952  17.6916 0005181  68.0008 292.1791 15.47681541925199
0 AIM
1 31304U 07015A   24054.45272915  .00043983  00000-0  84718-3 0  9992
2 31304  97.8952  18.3269 0005152  66.3667 293.8122 15.47739769925280
0 AIM
1 31304U 07015A   24054.84063635  .00049912  00000-0  95897-3 0  9990
2 31304  97.8954  18.7498 0005105  66.8737 293.3049 15.47783147925340
0 AIM
1 31304U 07015A   24055.42247932  .00051354  00000-0  98454-3 0  9994
2 31304  97.8954  19.3850 0005093  65.3836 294.7943 15.47838808925432
0 AIM
1 31304U 07015A   24055.42247932  .00051354  00000-0  98454-3 0  9994
2 31304  97.8954  19.3850 0005093  65.3836 294.7943 15.47838808925432
0 AIM
1 31304U 07015A   24055.61642180  .00056403  00000-0  10797-2 0  9992
2 31304  97.8958  19.5965 0005021  65.3904 294.7867 15.47859300925460
0 AIM
1 31304U 07015A   24056.45680928  .00057486  00000-0  10966-2 0  9997
2 31304  97.8961  20.5141 0004949  63.7155 296.4602 15.47955366925599
0 AIM
1 31304U 07015A   24056.45680928  .00057486  00000-0  10966-2 0  9997
2 31304  97.8961  20.5141 0004949  63.7155 296.4602 15.47955366925599
0 AIM
1 31304U 07015A   24056.84466151  .00062431  00000-0  11879-2 0  9990
2 31304  97.8960  20.9372 0004904  63.9878 296.1875 15.48007410925658
0 AIM
1 31304U 07015A   24057.42641733  .00064950  00000-0  12323-2 0  9999
2 31304  97.8961  21.5728 0004928  62.7266 297.4484 15.48078589925740
0 AIM
1 31304U 07015A   24057.42641733  .00064950  00000-0  12323-2 0  9999
2 31304  97.8961  21.5728 0004928  62.7266 297.4484 15.48078589925740
0 AIM
1 31304U 07015A   24057.87887492  .00057164  00000-0  10838-2 0  9990
2 31304  97.8962  22.0664 0004799  62.8772 297.2966 15.48134797925810
0 AIM
1 31304U 07015A   24058.46058451  .00059304  00000-0  11215-2 0  9999
2 31304  97.8962  22.7019 0004716  60.7601 299.4119 15.48198969925903
0 AIM
1 31304U 07015A   24058.46058451  .00059304  00000-0  11215-2 0  9999
2 31304  97.8962  22.7019 0004716  60.7601 299.4119 15.48198969925903
0 AIM
1 31304U 07015A   24058.84837782  .00055419  00000-0  10472-2 0  9990
2 31304  97.8965  23.1252 0004641  60.4806 299.6905 15.48240207925965
0 AIM
1 31304U 07015A   24059.17153146  .00055264  00000-0  10433-2 0  9997
2 31304  97.8965  23.4786 0004646  59.4918 300.6789 15.48267550926017
0 AIM
1 31304U 07015A   24059.43004936  .00053565  00000-0  10105-2 0  9996
2 31304  97.8965  23.7610 0004615  58.8610 301.3091 15.48296516926056
0 AIM
1 31304U 07015A   24059.88244526  .00045344  00000-0  85530-3 0  9997
2 31304  97.8967  24.2548 0004491  58.7185 301.4503 15.48340840926129
0 AIM
1 31304U 07015A   24060.46407863  .00046006  00000-0  86608-3 0  9991
2 31304  97.8966  24.8903 0004466  56.9151 303.2527 15.48394018926216
0 AIM
1 31304U 07015A   24060.46407863  .00046006  00000-0  86608-3 0  9991
2 31304  97.8966  24.8903 0004466  56.9151 303.2527 15.48394018926216
0 AIM
1 31304U 07015A   24060.85182278  .00048286  00000-0  90746-3 0  9994
2 31304  97.8964  25.3139 0004388  56.1560 304.0106 15.48432021926275
0 AIM
1 31304U 07015A   24061.43342218  .00050848  00000-0  95333-3 0  9995
2 31304  97.8965  25.9494 0004291  55.7250 304.4405 15.48488546926369
0 AIM
1 31304U 07015A   24061.88576142  .00054302  00000-0  10158-2 0  9999
2 31304  97.8965  26.4436 0004224  55.0247 305.1398 15.48537357926438
0 AIM
1 31304U 07015A   24061.88576142  .00054302  00000-0  10158-2 0  9999
2 31304  97.8965  26.4436 0004224  55.0247 305.1398 15.48537357926438
0 AIM
1 31304U 07015A   24062.46731807  .00052831  00000-0  98631-3 0  9993
2 31304  97.8963  27.0792 0004148  54.8211 305.3426 15.48602120926526
0 AIM
1 31304U 07015A   24062.85500965  .00053312  00000-0  99373-3 0  9994
2 31304  97.8962  27.5023 0004022  54.8749 305.2876 15.48645371926583
0 AIM
1 31304U 07015A   24063.43652820  .00058406  00000-0  10855-2 0  9993
2 31304  97.8962  28.1379 0004009  53.5185 306.6433 15.48706230926675
0 AIM
1 31304U 07015A   24063.43652820  .00058406  00000-0  10855-2 0  9993
2 31304  97.8962  28.1379 0004009  53.5185 306.6433 15.48706230926675
0 AIM
1 31304U 07015A   24063.88880292  .00131443  00000-0  24111-2 0  9991
2 31304  97.8964  28.6315 0003894  52.1811 307.9790 15.48788625926740
0 AIM
1 31304U 07015A   24063.88880292  .00131443  00000-0  24111-2 0  9991
2 31304  97.8964  28.6315 0003894  52.1811 307.9790 15.48788625926740
0 AIM
1 31304U 07015A   24064.47026681  .00063298  00000-0  11694-2 0  9995
2 31304  97.8964  29.2671 0003814  49.8380 310.3202 15.48856877926839
0 AIM
1 31304U 07015A   24064.47026681  .00063298  00000-0  11694-2 0  9995
2 31304  97.8964  29.2671 0003814  49.8380 310.3202 15.48856877926839
0 AIM
1 31304U 07015A   24064.85789419  .00045890  00000-0  84899-3 0  9998
2 31304  97.8965  29.6904 0003687  49.9112 310.2460 15.48898110926892
0 AIM
1 31304U 07015A   24064.85789419  .00045890  00000-0  84899-3 0  9998
2 31304  97.8965  29.6904 0003687  49.9112 310.2460 15.48898110926892
0 AIM
1 31304U 07015A   24065.43931262  .00052544  00000-0  96843-3 0  9994
2 31304  97.8966  30.3264 0003634  48.8737 311.2826 15.48974254926985
0 AIM
1 31304U 07015A   24065.89150770  .00055105  00000-0  10131-2 0  9992
2 31304  97.8965  30.8204 0003496  49.1211 311.0341 15.49034403927053
0 AIM
1 31304U 07015A   24066.47287759  .00055914  00000-0  10254-2 0  9999
2 31304  97.8961  31.4565 0003419  47.6425 312.5113 15.49102855927141
0 AIM
1 31304U 07015A   24067.44177164  .00058911  00000-0  10756-2 0  9992
2 31304  97.8964  32.5158 0003283  46.8022 313.3502 15.49216101927294
0 AIM
1 31304U 07015A   24067.44177164  .00058911  00000-0  10756-2 0  9992
2 31304  97.8964  32.5158 0003283  46.8022 313.3502 15.49216101927294
0 AIM
1 31304U 07015A   24068.47518166  .00059388  00000-0  10797-2 0  9991
2 31304  97.8966  33.6462 0003156  46.0410 314.1100 15.49336159927455
0 AIM
1 31304U 07015A   24068.47518166  .00059388  00000-0  10797-2 0  9991
2 31304  97.8966  33.6462 0003156  46.0410 314.1100 15.49336159927455
0 AIM
1 31304U 07015A   24069.44392914  .00070381  00000-0  12720-2 0  9994
2 31304  97.8971  34.7063 0002992  45.6370 314.5125 15.49458356927609
0 AIM
1 31304U 07015A   24069.44392914  .00070381  00000-0  12720-2 0  9994
2 31304  97.8971  34.7063 0002992  45.6370 314.5125 15.49458356927609
0 AIM
1 31304U 07015A   24070.15429708  .00057550  00000-0  10394-2 0  9994
2 31304  97.8977  35.4834 0002878  45.6835 314.4650 15.49533969927716
0 AIM
1 31304U 07015A   24070.47717959  .00051691  00000-0  93331-3 0  9990
2 31304  97.8977  35.8368 0002824  44.8338 315.3140 15.49569799927761
0 AIM
1 31304U 07015A   24070.86462886  .00053092  00000-0  95687-3 0  9992
2 31304  97.8979  36.2608 0002713  45.5306 314.6165 15.49614890927824
0 AIM
1 31304U 07015A   24071.44578096  .00051179  00000-0  92050-3 0  9993
2 31304  97.8983  36.8973 0002661  43.8428 316.3033 15.49683009927919
0 AIM
1 31304U 07015A   24071.44578096  .00051179  00000-0  92050-3 0  9993
2 31304  97.8983  36.8973 0002661  43.8428 316.3033 15.49683009927919
0 AIM
1 31304U 07015A   24072.47888054  .00052009  00000-0  93162-3 0  9993
2 31304  97.8985  38.0283 0002462  44.5940 315.5507 15.49795625928078
0 AIM
1 31304U 07015A   24072.47888054  .00052009  00000-0  93162-3 0  9993
2 31304  97.8985  38.0283 0002462  44.5940 315.5507 15.49795625928078
0 AIM
1 31304U 07015A   24073.44734363  .00052025  00000-0  92839-3 0  9992
2 31304  97.8989  39.0892 0002288  44.8474 315.2960 15.49903917928222
0 AIM
1 31304U 07015A   24073.89926891  .00056235  00000-0  10008-2 0  9994
2 31304  97.8994  39.5835 0002172  47.1910 312.9522 15.49961895928297
0 AIM
1 31304U 07015A   24074.86762711  .00054617  00000-0  96850-3 0  9993
2 31304  97.8986  40.6448 0001959  46.9822 313.1591 15.50072463928444
0 AIM
1 31304U 07015A   24075.44860737  .00062277  00000-0  11001-2 0  9990
2 31304  97.8985  41.2815 0001905  45.9887 314.1520 15.50147348928537
0 AIM
1 31304U 07015A   24075.83591324  .00049645  00000-0  87746-3 0  9990
2 31304  97.8986  41.7056 0001801  48.5786 311.5618 15.50188842928591
0 AIM
1 31304U 07015A   24075.83591324  .00049645  00000-0  87746-3 0  9990
2 31304  97.8986  41.7056 0001801  48.5786 311.5618 15.50188842928591
0 AIM
1 31304U 07015A   24076.48139972  .00048090  00000-0  84824-3 0  9996
2 31304  97.8981  42.4135 0001708  48.4829 311.6567 15.50255005928696
0 AIM
1 31304U 07015A   24076.86867942  .00049782  00000-0  87664-3 0  9997
2 31304  97.8984  42.8371 0001631  50.9024 309.2371 15.50293543928757
0 AIM
1 31304U 07015A   24076.86867942  .00049782  00000-0  87664-3 0  9997
2 31304  97.8984  42.8371 0001631  50.9024 309.2371 15.50293543928757
0 AIM
1 31304U 07015A   24077.44957834  .00048271  00000-0  84834-3 0  9990
2 31304  97.8984  43.4740 0001586  50.7658 309.3733 15.50357582928841
0 AIM
1 31304U 07015A   24077.83683156  .00048117  00000-0  84438-3 0  9995
2 31304  97.8986  43.8978 0001541  53.4881 306.6511 15.50400247928907
0 AIM
1 31304U 07015A   24077.83683156  .00048117  00000-0  84438-3 0  9995
2 31304  97.8986  43.8978 0001541  53.4881 306.6511 15.50400247928907
0 AIM
1 31304U 07015A   24078.48223049  .00053118  00000-0  92911-3 0  9990
2 31304  97.8982  44.6053 0001470  54.4294 305.7092 15.50469025929001
0 AIM
1 31304U 07015A   24078.86945579  .00058066  00000-0  10132-2 0  9992
2 31304  97.8983  45.0294 0001392  58.0354 302.1031 15.50515320929064
0 AIM
1 31304U 07015A   24078.86945579  .00058066  00000-0  10132-2 0  9992
2 31304  97.8983  45.0294 0001392  58.0354 302.1031 15.50515320929064
0 AIM
1 31304U 07015A   24079.45026855  .00070202  00000-0  12190-2 0  9997
2 31304  97.8984  45.6663 0001327  62.5079 297.6306 15.50601092929158
0 AIM
1 31304U 07015A   24079.90198886  .00063035  00000-0  10931-2 0  9998
2 31304  97.8984  46.1612 0001246  70.8455 289.2930 15.50669224929227
0 AIM
1 31304U 07015A   24080.41821850  .00066584  00000-0  11512-2 0  9998
2 31304  97.8983  46.7276 0001228  66.0216 294.1163 15.50738420929307
0 AIM
1 31304U 07015A   24080.86989920  .00071449  00000-0  12315-2 0  9998
2 31304  97.8984  47.2224 0001135  73.5418 286.5956 15.50805748929371
0 AIM
1 31304U 07015A   24080.86989920  .00071449  00000-0  12315-2 0  9998
2 31304  97.8984  47.2224 0001135  73.5418 286.5956 15.50805748929371
0 AIM
1 31304U 07015A   24081.38608212  .00079961  00000-0  13727-2 0  9993
2 31304  97.8986  47.7889 0001084  73.1333 287.0036 15.50884205929459
0 AIM
1 31304U 07015A   24081.90223662  .00094263  00000-0  16095-2 0  9996
2 31304  97.8988  48.3545 0001012  79.2922 280.8442 15.50979806929532
0 AIM
1 31304U 07015A   24082.41835957  .00076228  00000-0  13009-2 0  9992
2 31304  97.8986  48.9213 0001006  80.1310 280.0054 15.51066387929615
0 AIM
1 31304U 07015A   24082.86994306  .00064718  00000-0  11035-2 0  9993
2 31304  97.8988  49.4164 0000991  89.0779 271.0585 15.51139386929683
0 AIM
1 31304U 07015A   24082.86994306  .00064718  00000-0  11035-2 0  9993
2 31304  97.8988  49.4164 0000991  89.0779 271.0585 15.51139386929683
0 AIM
1 31304U 07015A   24083.45051790  .00094036  00000-0  15905-2 0  9996
2 31304  97.8991  50.0539 0000955  92.2265 267.9094 15.51247963929777
0 AIM
1 31304U 07015A   24083.90204790  .00086224  00000-0  14555-2 0  9996
2 31304  97.8995  50.5490 0000975 104.4840 255.6518 15.51334346929844
0 AIM
1 31304U 07015A   24084.48254780  .00106019  00000-0  17773-2 0  9994
2 31304  97.8995  51.1865 0001007 108.4547 251.6814 15.51452324929934
0 AIM
1 31304U 07015A   24084.48254780  .00106019  00000-0  17773-2 0  9994
2 31304  97.8995  51.1865 0001007 108.4547 251.6814 15.51452324929934
0 AIM
1 31304U 07015A   24084.86952372  .00174412  00000-0  28870-2 0  9990
2 31304  97.8997  51.6107 0001121 112.7355 247.4015 15.51553441929996
0 AIM
1 31304U 07015A   24084.86952372  .00174412  00000-0  28870-2 0  9990
2 31304  97.8997  51.6107 0001121 112.7355 247.4015 15.51553441929996
0 AIM
1 31304U 07015A   24085.44994426  .00110788  00000-0  18418-2 0  9994
2 31304  97.9000  52.2482 0001193 115.4024 244.7350 15.51669002930082
0 AIM
1 31304U 07015A   24085.90135553  .00101628  00000-0  16871-2 0  9997
2 31304  97.9005  52.7441 0001067 118.0790 242.0569 15.51744428930153
0 AIM
1 31304U 07015A   24086.22377881  .00116738  00000-0  19306-2 0  9999
2 31304  97.9003  53.0987 0001103 119.0348 241.1013 15.51793257930205
0 AIM
1 31304U 07015A   24086.48170845  .00075604  00000-0  12559-2 0  9997
2 31304  97.9001  53.3822 0001112 121.8889 238.2470 15.51829002930241
0 AIM
1 31304U 07015A   24086.48170845  .00075604  00000-0  12559-2 0  9997
2 31304  97.9001  53.3822 0001112 121.8889 238.2470 15.51829002930241
0 AIM
1 31304U 07015A   24086.86859271  .00071969  00000-0  11937-2 0  9995
2 31304  97.9005  53.8066 0001186 128.4459 231.6899 15.51886417930309
0 AIM
1 31304U 07015A   24087.44889027  .00083728  00000-0  13816-2 0  9996
2 31304  97.9006  54.4444 0001195 129.3141 230.8216 15.51983486930392
0 AIM
1 31304U 07015A   24087.83573632  .00066543  00000-0  10986-2 0  9992
2 31304  97.9008  54.8693 0001295 134.9100 225.2256 15.52039006930452
0 AIM
1 31304U 07015A   24087.90020940  .00065237  00000-0  10769-2 0  9997
2 31304  97.9009  54.9402 0001301 135.0228 225.1128 15.52048390930467
0 AIM
1 31304U 07015A   24088.48044725  .00071424  00000-0  11741-2 0  9994
2 31304  97.9008  55.5781 0001336 136.1316 224.0042 15.52139597930554
0 AIM
1 31304U 07015A   24088.48044725  .00071424  00000-0  11741-2 0  9994
2 31304  97.9008  55.5781 0001336 136.1316 224.0042 15.52139597930554
0 AIM
1 31304U 07015A   24088.86725462  .00069698  00000-0  11437-2 0  9992
2 31304  97.9009  56.0030 0001449 139.9374 220.1984 15.52196345930611
0 AIM
1 31304U 07015A   24089.44743808  .00075002  00000-0  12258-2 0  9999
2 31304  97.9010  56.6413 0001487 139.5631 220.5731 15.52286893930700
0 AIM
1 31304U 07015A   24089.89866873  .00067964  00000-0  11092-2 0  9999
2 31304  97.9010  57.1377 0001614 139.8296 220.3075 15.52355760930773
0 AIM
1 31304U 07015A   24089.89866873  .00067964  00000-0  11092-2 0  9999
2 31304  97.9010  57.1377 0001614 139.8296 220.3075 15.52355760930773
0 AIM
1 31304U 07015A   24090.47879443  .00065398  00000-0  10647-2 0  9996
2 31304  97.9007  57.7758 0001613 140.5645 219.5724 15.52435345930863
0 AIM
1 31304U 07015A   24090.86552939  .00072951  00000-0  11841-2 0  9997
2 31304  97.9009  58.2007 0001738 142.4156 217.7217 15.52487672930928
0 AIM
1 31304U 07015A   24091.18779888  .00092163  00000-0  14896-2 0  9997
2 31304  97.9010  58.5556 0001746 140.9362 219.2016 15.52529927930972
0 AIM
1 31304U 07015A   24091.44560603  .00113486  00000-0  18255-2 0  9994
2 31304  97.9008  58.8392 0001786 140.0551 220.0832 15.52581753931012
0 AIM
1 31304U 07015A   24091.89675159  .00066330  00000-0  10717-2 0  9996
2 31304  97.9009  59.3350 0001888 143.3372 216.8008 15.52643129931084
0 AIM
1 31304U 07015A   24092.15454159  .00070978  00000-0  11447-2 0  9995
2 31304  97.9007  59.6189 0001883 142.9332 217.2050 15.52674736931126
0 AIM
1 31304U 07015A   24092.60565911  .00072122  00000-0  11602-2 0  9990
2 31304  97.9006  60.1147 0001927 144.9350 215.2028 15.52741133931193
0 AIM
1 31304U 07015A   24093.18564218  .00067867  00000-0  10896-2 0  9997
2 31304  97.9007  60.7531 0002011 143.9588 216.1799 15.52813469931281
0 AIM
1 31304U 07015A   24093.57228136  .00061406  00000-0  98499-3 0  9995
2 31304  97.9006  61.1782 0002031 145.3822 214.7562 15.52865794931349
0 AIM
1 31304U 07015A   24093.89447136  .00059803  00000-0  95799-3 0  9991
2 31304  97.9007  61.5327 0002107 145.5073 214.6315 15.52909718931398
0 AIM
1 31304U 07015A   24094.47439293  .00052533  00000-0  84056-3 0  9998
2 31304  97.9003  62.1710 0002094 145.5457 214.5930 15.52974786931487
0 AIM
1 31304U 07015A   24094.47439293  .00052533  00000-0  84056-3 0  9998
2 31304  97.9003  62.1710 0002094 145.5457 214.5930 15.52974786931487
0 AIM
1 31304U 07015A   24094.66769516  .00052197  00000-0  83470-3 0  9998
2 31304  97.9004  62.3835 0002160 146.4814 213.6575 15.52992155931518
0 AIM
1 31304U 07015A   24095.44087770  .00050909  00000-0  81181-3 0  9996
2 31304  97.9001  63.2347 0002202 144.4427 215.6971 15.53076356931630
0 AIM
1 31304U 07015A   24095.82745298  .00058329  00000-0  92743-3 0  9994
2 31304  97.9002  63.6598 0002334 146.3454 213.7946 15.53123575931693
0 AIM
1 31304U 07015A   24095.89188129  .00056871  00000-0  90422-3 0  9997
2 31304  97.9003  63.7307 0002340 145.8363 214.3039 15.53131006931703
0 AIM
1 31304U 07015A   24096.47171990  .00059006  00000-0  93549-3 0  9996
2 31304  97.9002  64.3692 0002323 145.0899 215.0505 15.53200834931794
0 AIM
1 31304U 07015A   24096.85826429  .00058915  00000-0  93243-3 0  9991
2 31304  97.9003  64.7945 0002472 146.1541 213.9869 15.53249189931854
0 AIM
1 31304U 07015A   24096.85826429  .00058915  00000-0  93243-3 0  9991
2 31304  97.9003  64.7945 0002472 146.1541 213.9869 15.53249189931854
0 AIM
1 31304U 07015A   24097.37363830  .00065858  00000-0  10387-2 0  9992
2 31304  97.9002  65.3624 0002494 143.4372 216.7051 15.53315755931936
0 AIM
1 31304U 07015A   24097.63131630  .00064195  00000-0  10115-2 0  9994
2 31304  97.9003  65.6457 0002566 144.6315 215.5107 15.53349562931970
0 AIM
1 31304U 07015A   24098.40431905  .00060141  00000-0  94491-3 0  9995
2 31304  97.9005  66.4975 0002619 143.6399 216.5031 15.53446081932091
0 AIM
1 31304U 07015A   24098.66197618  .00056301  00000-0  88423-3 0  9994
2 31304  97.9007  66.7809 0002718 144.6311 215.5121 15.53473436932135
0 AIM
1 31304U 07015A   24098.66197618  .00056301  00000-0  88423-3 0  9994
2 31304  97.9007  66.7809 0002718 144.6311 215.5121 15.53473436932135
0 AIM
1 31304U 07015A   24099.43491722  .00065784  00000-0  10280-2 0  9993
2 31304  97.9007  67.6327 0002850 142.1341 218.0112 15.53571371932251
0 AIM
1 31304U 07015A   24099.62814511  .00064483  00000-0  10071-2 0  9992
2 31304  97.9011  67.8454 0002929 142.5625 217.5831 15.53592420932288
0 AIM
1 31304U 07015A   24099.62814511  .00064483  00000-0  10071-2 0  9992
2 31304  97.9011  67.8454 0002929 142.5625 217.5831 15.53592420932288
0 AIM
1 31304U 07015A   24100.40102709  .00055141  00000-0  85955-3 0  9995
2 31304  97.9015  68.6974 0003014 141.0483 219.0986 15.53685387932407
0 AIM
1 31304U 07015A   24100.65864344  .00066486  00000-0  10332-2 0  9992
2 31304  97.9017  68.9810 0003111 142.1089 218.0382 15.53722076932443
0 AIM
1 31304U 07015A   24100.65864344  .00066486  00000-0  10332-2 0  9992
2 31304  97.9017  68.9810 0003111 142.1089 218.0382 15.53722076932443
0 AIM
1 31304U 07015A   24101.43146053  .00057756  00000-0  89564-3 0  9993
2 31304  97.9014  69.8332 0003206 140.4123 219.7363 15.53817240932562
0 AIM
1 31304U 07015A   24101.88224861  .00062440  00000-0  96543-3 0  9997
2 31304  97.9017  70.3297 0003400 139.6948 220.4556 15.53877816932639
0 AIM
1 31304U 07015A   24101.88224861  .00062440  00000-0  96543-3 0  9997
2 31304  97.9017  70.3297 0003400 139.6948 220.4556 15.53877816932639
0 AIM
1 31304U 07015A   24102.46180801  .00060371  00000-0  93123-3 0  9999
2 31304  97.9017  70.9689 0003386 139.2464 220.9041 15.53952518932729
0 AIM
1 31304U 07015A   24102.91255601  .00056369  00000-0  86807-3 0  9993
2 31304  97.9019  71.4655 0003584 139.2306 220.9215 15.54014652932794
0 AIM
1 31304U 07015A   24103.17011860  .00061500  00000-0  94529-3 0  9992
2 31304  97.9017  71.7500 0003584 138.0852 222.0675 15.54044572932839
0 AIM
1 31304U 07015A   24103.55645170  .00066441  00000-0  10184-2 0  9994
2 31304  97.9016  72.1756 0003597 138.4570 221.6956 15.54100553932896
0 AIM
1 31304U 07015A   24103.94277164  .00063681  00000-0  97458-3 0  9994
2 31304  97.9018  72.6015 0003692 138.3337 221.8197 15.54154692932956
0 AIM
1 31304U 07015A   24104.20031076  .00074242  00000-0  11330-2 0  9993
2 31304  97.9018  72.8857 0003683 137.3361 222.8178 15.54189588932994
0 AIM
1 31304U 07015A   24104.58660713  .00075418  00000-0  11482-2 0  9994
2 31304  97.9017  73.3114 0003754 137.9780 222.1760 15.54250432933050
0 AIM
1 31304U 07015A   24104.84412952  .00078393  00000-0  11910-2 0  9994
2 31304  97.9017  73.5952 0003865 138.2338 221.9209 15.54295736933093
0 AIM
1 31304U 07015A   24105.48790667  .00079166  00000-0  11983-2 0  9996
2 31304  97.9013  74.3055 0003915 137.0505 223.1053 15.54394386933194
0 AIM
1 31304U 07015A   24105.87415251  .00085593  00000-0  12913-2 0  9997
2 31304  97.9013  74.7312 0004037 137.6079 222.5486 15.54460149933253
0 AIM
1 31304U 07015A   24106.45348939  .00090044  00000-0  13525-2 0  9997
2 31304  97.9013  75.3705 0004050 136.8711 223.2859 15.54563813933349
0 AIM
1 31304U 07015A   24106.45348939  .00090044  00000-0  13525-2 0  9997
2 31304  97.9013  75.3705 0004050 136.8711 223.2859 15.54563813933349
0 AIM
1 31304U 07015A   24106.90405724  .00092547  00000-0  13852-2 0  9996
2 31304  97.9012  75.8674 0004180 137.5485 222.6091 15.54650894933413
0 AIM
1 31304U 07015A   24107.48331999  .00118726  00000-0  17626-2 0  9993
2 31304  97.9008  76.5065 0004188 136.4163 223.7420 15.54777873933504
0 AIM
1 31304U 07015A   24107.86946762  .00119346  00000-0  17657-2 0  9998
2 31304  97.9008  76.9322 0004271 136.6778 223.4811 15.54870005933569
0 AIM
1 31304U 07015A   24108.44864482  .00124005  00000-0  18241-2 0  9999
2 31304  97.9008  77.5719 0004275 135.4117 224.7480 15.55011184933656
0 AIM
1 31304U 07015A   24108.83473618  .00108853  00000-0  15998-2 0  9998
2 31304  97.9010  77.9978 0004375 136.4765 223.6834 15.55090200933715
0 AIM
1 31304U 07015A   24108.89908286  .00106988  00000-0  15720-2 0  9998
2 31304  97.9010  78.0689 0004374 136.4463 223.7135 15.55103907933725
0 AIM
1 31304U 07015A   24109.47817623  .00103584  00000-0  15159-2 0  9992
2 31304  97.9007  78.7086 0004366 135.8231 224.3370 15.55226220933818
0 AIM
1 31304U 07015A   24109.86421436  .00103654  00000-0  15125-2 0  9999
2 31304  97.9006  79.1345 0004547 136.1187 224.0428 15.55304963933873
0 AIM
1 31304U 07015A   24109.86421436  .00103654  00000-0  15125-2 0  9999
2 31304  97.9006  79.1345 0004547 136.1187 224.0428 15.55304963933873
0 AIM
1 31304U 07015A   24110.44323298  .00111556  00000-0  16186-2 0  9990
2 31304  97.9004  79.7746 0004518 134.8022 225.3599 15.55431125933967
0 AIM
1 31304U 07015A   24110.89354282  .00177101  00000-0  25339-2 0  9994
2 31304  97.9005  80.2716 0004656 135.1352 225.0277 15.55579598934031
0 AIM
1 31304U 07015A   24111.47245444  .00100185  00000-0  14402-2 0  9995
2 31304  97.9003  80.9116 0004781 135.1400 225.0240 15.55724735934128
0 AIM
1 31304U 07015A   24111.47245444  .00100185  00000-0  14402-2 0  9995
2 31304  97.9003  80.9116 0004781 135.1400 225.0240 15.55724735934128
0 AIM
1 31304U 07015A   24111.85836607  .00093051  00000-0  13345-2 0  9992
2 31304  97.9005  81.3378 0004909 134.8522 225.3130 15.55814765934188
0 AIM
1 31304U 07015A   24112.43719069  .00104127  00000-0  14835-2 0  9991
2 31304  97.9004  81.9792 0004895 131.2219 228.9457 15.55954015934275
0 AIM
1 31304U 07015A   24112.88734950  .00130494  00000-0  18439-2 0  9996
2 31304  97.9004  82.4760 0005026 130.9569 229.2119 15.56082473934345
0 AIM
1 31304U 07015A   24113.40177503  .00126536  00000-0  17803-2 0  9996
2 31304  97.9005  83.0453 0005016 130.0121 230.1573 15.56213550934422
0 AIM
1 31304U 07015A   24113.91615817  .00106525  00000-0  14960-2 0  9994
2 31304  97.9004  83.6139 0005113 128.6126 231.5586 15.56335020934509
0 AIM
1 31304U 07015A   24113.91615817  .00106525  00000-0  14960-2 0  9994
2 31304  97.9004  83.6139 0005113 128.6126 231.5586 15.56335020934509
0 AIM
1 31304U 07015A   24114.49479113  .00104870  00000-0  14659-2 0  9991
2 31304  97.9003  84.2546 0005136 127.8999 232.2720 15.56467468934590
0 AIM
1 31304U 07015A   24114.88051774  .00109933  00000-0  15301-2 0  9993
2 31304  97.9005  84.6811 0005209 127.9962 232.1763 15.56564821934657
0 AIM
1 31304U 07015A   24114.88051774  .00109933  00000-0  15301-2 0  9993
2 31304  97.9005  84.6811 0005209 127.9962 232.1763 15.56564821934657
0 AIM
1 31304U 07015A   24115.45906335  .00117483  00000-0  16248-2 0  9999
2 31304  97.9006  85.3219 0005215 127.4456 232.7273 15.56710236934743
0 AIM
1 31304U 07015A   24115.45906335  .00117483  00000-0  16248-2 0  9999
2 31304  97.9006  85.3219 0005215 127.4456 232.7273 15.56710236934743
0 AIM
1 31304U 07015A   24115.90900707  .00112299  00000-0  15479-2 0  9991
2 31304  97.9008  85.8197 0005319 127.8039 232.3697 15.56818980934810
0 AIM
1 31304U 07015A   24116.42319235  .00104108  00000-0  14307-2 0  9998
2 31304  97.9009  86.3894 0005372 127.4681 232.7062 15.56929411934899
0 AIM
1 31304U 07015A   24116.87307415  .00110122  00000-0  15065-2 0  9999
2 31304  97.9009  86.8873 0005464 128.2406 231.9340 15.57029523934961
0 AIM
1 31304U 07015A   24116.87307415  .00110122  00000-0  15065-2 0  9999
2 31304  97.9009  86.8873 0005464 128.2406 231.9340 15.57029523934961
0 AIM
1 31304U 07015A   24117.45145087  .00115651  00000-0  15733-2 0  9993
2 31304  97.9011  87.5287 0005514 127.1556 233.0202 15.57160624935050
0 AIM
1 31304U 07015A   24117.83700649  .00136479  00000-0  18443-2 0  9998
2 31304  97.9012  87.9553 0005544 126.3906 233.7860 15.57266831935115
0 AIM
1 31304U 07015A   24117.83700649  .00136479  00000-0  18443-2 0  9998
2 31304  97.9012  87.9553 0005544 126.3906 233.7860 15.57266831935115
0 AIM
1 31304U 07015A   24118.47954329  .00119590  00000-0  16101-2 0  9999
2 31304  97.9011  88.6674 0005506 125.2631 234.9138 15.57426175935218
0 AIM
1 31304U 07015A   24118.47954329  .00119590  00000-0  16101-2 0  9999
2 31304  97.9011  88.6674 0005506 125.2631 234.9138 15.57426175935218
0 AIM
1 31304U 07015A   24118.86503530  .00105337  00000-0  14164-2 0  9997
2 31304  97.9011  89.0942 0005583 125.0759 235.1020 15.57510854935272
0 AIM
1 31304U 07015A   24119.18626417  .00113381  00000-0  15194-2 0  9995
2 31304  97.9010  89.4506 0005623 123.9805 236.1984 15.57572983935322
0 AIM
1 31304U 07015A   24119.44323743  .00108179  00000-0  14478-2 0  9993
2 31304  97.9009  89.7354 0005625 123.3368 236.8425 15.57626446935369
0 AIM
1 31304U 07015A   24119.89292190  .00080701  00000-0  10811-2 0  9990
2 31304  97.9011  90.2334 0005686 123.5354 236.6444 15.57700803935438
0 AIM
1 31304U 07015A   24119.89292190  .00080701  00000-0  10811-2 0  9990
2 31304  97.9011  90.2334 0005686 123.5354 236.6444 15.57700803935438
0 AIM
1 31304U 07015A   24120.47105475  .00077337  00000-0  10328-2 0  9999
2 31304  97.9009  90.8746 0005664 122.4001 237.7801 15.57797834935520
0 AIM
1 31304U 07015A   24120.85645729  .00068387  00000-0  91230-3 0  9999
2 31304  97.9009  91.3015 0005847 122.2821 237.9000 15.57859984935580
0 AIM
1 31304U 07015A   24121.17761436  .00076761  00000-0  10209-2 0  9990
2 31304  97.9008  91.6580 0005839 120.9163 239.2666 15.57909132935634
0 AIM
1 31304U 07015A   24121.43453328  .00074986  00000-0  99610-3 0  9998
2 31304  97.9005  91.9428 0005834 120.3905 239.7926 15.57948261935672
0 AIM
1 31304U 07015A   24121.88412648  .00085657  00000-0  11332-2 0  9998
2 31304  97.9004  92.4408 0005876 120.7625 239.4209 15.58017273935744
0 AIM
1 31304U 07015A   24122.65480939  .00078115  00000-0  10299-2 0  9994
2 31304  97.9005  93.2956 0005888 119.6909 240.4932 15.58137033935862
0 AIM
1 31304U 07015A   24122.65480939  .00078115  00000-0  10299-2 0  9994
2 31304  97.9005  93.2956 0005888 119.6909 240.4932 15.58137033935862
0 AIM
1 31304U 07015A   24123.48964664  .00076930  00000-0  10094-2 0  9994
2 31304  97.8996  94.2215 0005879 118.1049 242.0801 15.58270431935995
0 AIM
1 31304U 07015A   24123.87493222  .00083036  00000-0  10858-2 0  9997
2 31304  97.8998  94.6484 0005915 118.2830 241.9022 15.58338509936051
0 AIM
1 31304U 07015A   24124.45282764  .00082654  00000-0  10766-2 0  9992
2 31304  97.8998  95.2899 0005902 116.5036 243.6824 15.58444093936148
0 AIM
1 31304U 07015A   24124.90227721  .00060724  00000-0  79161-3 0  9993
2 31304  97.9002  95.7885 0005937 116.3955 243.7909 15.58507037936212
0 AIM
1 31304U 07015A   24125.15909638  .00062320  00000-0  81112-3 0  9998
2 31304  97.9001  96.0738 0005933 115.6000 244.5868 15.58543422936256
0 AIM
1 31304U 07015A   24125.86532100  .00071254  00000-0  92266-3 0  9990
2 31304  97.8998  96.8573 0005934 115.5515 244.6354 15.58644267936368
0 AIM
1 31304U 07015A   24126.44310627  .00081945  00000-0  10558-2 0  9994
2 31304  97.8990  97.4991 0006039 113.1104 247.0788 15.58736009936450
0 AIM
1 31304U 07015A   24126.89247322  .00081881  00000-0  10524-2 0  9996
2 31304  97.8993  97.9976 0006088 113.1541 247.0355 15.58801268936528
0 AIM
1 31304U 07015A   24127.47019750  .00104985  00000-0  13395-2 0  9993
2 31304  97.8994  98.6395 0006048 111.8843 248.3055 15.58912481936619
0 AIM
1 31304U 07015A   24127.47019750  .00104985  00000-0  13395-2 0  9993
2 31304  97.8994  98.6395 0006048 111.8843 248.3055 15.58912481936619
0 AIM
1 31304U 07015A   24127.85532485  .00091397  00000-0  11652-2 0  9996
2 31304  97.8996  99.0669 0006173 111.9909 248.2002 15.58981723936675
0 AIM
1 31304U 07015A   24128.17625199  .00114421  00000-0  14512-2 0  9999
2 31304  97.8999  99.4238 0006211 110.5893 249.6028 15.59036942936728
0 AIM
1 31304U 07015A   24128.56134752  .00082048  00000-0  10427-2 0  9992
2 31304  97.8996  99.8516 0006175 110.1918 250.0001 15.59100268936787
0 AIM
1 31304U 07015A   24128.88224898  .00086445  00000-0  10955-2 0  9999
2 31304  97.8998 100.2078 0006211 110.4577 249.7345 15.59158132936839
0 AIM
1 31304U 07015A   24128.88224898  .00086445  00000-0  10955-2 0  9999
2 31304  97.8998 100.2078 0006211 110.4577 249.7345 15.59158132936839
0 AIM
1 31304U 07015A   24129.45984203  .00092864  00000-0  11713-2 0  9991
2 31304  97.9002 100.8499 0006146 109.3080 250.8840 15.59260626936927
0 AIM
1 31304U 07015A   24129.90905323  .00091613  00000-0  11519-2 0  9992
2 31304  97.9005 101.3488 0006169 109.6917 250.5004 15.59348101936992
0 AIM
1 31304U 07015A   24129.90905323  .00091613  00000-0  11519-2 0  9992
2 31304  97.9005 101.3488 0006169 109.6917 250.5004 15.59348101936992
0 AIM
1 31304U 07015A   24130.48657433  .00099502  00000-0  12446-2 0  9998
2 31304  97.9003 101.9907 0006115 108.6691 251.5229 15.59458218937083
0 AIM
1 31304U 07015A   24130.87156629  .00108634  00000-0  13533-2 0  9997
2 31304  97.9005 102.4184 0006147 109.0553 251.1369 15.59533572937140
0 AIM
1 31304U 07015A   24131.19237859  .00116168  00000-0  14424-2 0  9999
2 31304  97.9007 102.7756 0006158 108.0214 252.1712 15.59594203937191
0 AIM
1 31304U 07015A   24131.44901824  .00119418  00000-0  14788-2 0  9991
2 31304  97.9003 103.0609 0006132 107.6289 252.5636 15.59653817937238
0 AIM
1 31304U 07015A   24131.89811561  .00178000  00000-0  21777-2 0  9996
2 31304  97.9005 103.5597 0006124 107.9118 252.2805 15.59775550937308
0 AIM
1 31304U 07015A   24131.89811561  .00178000  00000-0  21777-2 0  9996
2 31304  97.9005 103.5597 0006124 107.9118 252.2805 15.59775550937308
0 AIM
1 31304U 07015A   24132.47544458  .00246825  00000-0  29599-2 0  9990
2 31304  97.9004 104.2019 0006111 105.5758 254.6172 15.60075917937398
0 AIM
1 31304U 07015A   24132.86026940  .00178842  00000-0  21491-2 0  9990
2 31304  97.9005 104.6297 0006119 105.1636 255.0297 15.60246033937459
0 AIM
1 31304U 07015A   24132.92440337  .00167390  00000-0  20127-2 0  9998
2 31304  97.9005 104.7012 0006116 105.0468 255.1465 15.60268241937468
0 AIM
1 31304U 07015A   24133.18093392  .00143655  00000-0  17285-2 0  9991
2 31304  97.9010 104.9868 0006121 103.3212 256.8726 15.60329640937503
0 AIM
1 31304U 07015A   24133.50158257  .00100093  00000-0  12083-2 0  9999
2 31304  97.9005 105.3435 0006215 102.9877 257.2073 15.60392443937554
0 AIM
1 31304U 07015A   24133.50158257  .00100093  00000-0  12083-2 0  9999
2 31304  97.9005 105.3435 0006215 102.9877 257.2073 15.60392443937554
0 AIM
1 31304U 07015A   24133.88634408  .00096992  00000-0  11680-2 0  9991
2 31304  97.8999 105.7720 0006259 102.5161 257.6795 15.60467628937616
0 AIM
1 31304U 07015A   24134.46344888  .00122421  00000-0  14622-2 0  9992
2 31304  97.8999 106.4145 0006133 102.2004 257.9939 15.60595169937704
0 AIM
1 31304U 07015A   24134.65580554  .00105786  00000-0  12643-2 0  9991
2 31304  97.8998 106.6283 0006136 102.1723 258.0221 15.60636053937735
0 AIM
1 31304U 07015A   24134.65580554  .00105786  00000-0  12643-2 0  9991
2 31304  97.8998 106.6283 0006136 102.1723 258.0221 15.60636053937735
0 AIM
1 31304U 07015A   24135.48929274  .00104900  00000-0  12450-2 0  9992
2 31304  97.8996 107.5560 0006030 101.4363 258.7570 15.60822611937861
0 AIM
1 31304U 07015A   24135.48929274  .00104900  00000-0  12450-2 0  9992
2 31304  97.8996 107.5560 0006030 101.4363 258.7570 15.60822611937861
0 AIM
1 31304U 07015A   24136.45088752  .00154452  00000-0  18056-2 0  9992
2 31304  97.8991 108.6271 0006079  99.9380 260.2562 15.61050003938016
0 AIM
1 31304U 07015A   24136.45088752  .00154452  00000-0  18056-2 0  9992
2 31304  97.8991 108.6271 0006079  99.9380 260.2562 15.61050003938016
0 AIM
1 31304U 07015A   24136.89958249  .00126547  00000-0  14787-2 0  9998
2 31304  97.8991 109.1265 0006018 100.5918 259.6015 15.61156092938081
0 AIM
1 31304U 07015A   24136.89958249  .00126547  00000-0  14787-2 0  9998
2 31304  97.8991 109.1265 0006018 100.5918 259.6015 15.61156092938081
0 AIM
1 31304U 07015A   24137.47642633  .00173663  00000-0  20041-2 0  9991
2 31304  97.8989 109.7696 0005836  99.3711 260.8205 15.61325889938172
0 AIM
1 31304U 07015A   24137.47642633  .00173663  00000-0  20041-2 0  9991
2 31304  97.8989 109.7696 0005836  99.3711 260.8205 15.61325889938172
0 AIM
1 31304U 07015A   24137.66869184  .00174057  00000-0  20035-2 0  9995
2 31304  97.8989 109.9836 0005820 100.0315 260.1598 15.61391709938209
0 AIM
1 31304U 07015A   24138.43769281  .00116594  00000-0  13417-2 0  9996
2 31304  97.8987 110.8410 0005844  99.2102 260.9815 15.61590373938326
0 AIM
1 31304U 07015A   24138.43769281  .00116594  00000-0  13417-2 0  9996
2 31304  97.8987 110.8410 0005844  99.2102 260.9815 15.61590373938326
0 AIM
1 31304U 07015A   24139.46285373  .00158712  00000-0  17936-2 0  9993
2 31304  97.8984 111.9841 0005778  98.3203 261.8709 15.61920839938484
0 AIM
1 31304U 07015A   24139.46285373  .00158712  00000-0  17936-2 0  9993
2 31304  97.8984 111.9841 0005778  98.3203 261.8709 15.61920839938484
0 AIM
1 31304U 07015A   24139.91129251  .00136470  00000-0  15384-2 0  9997
2 31304  97.8988 112.4838 0005768  98.7385 261.4525 15.62059356938552
0 AIM
1 31304U 07015A   24140.42374777  .00116587  00000-0  13107-2 0  9998
2 31304  97.8983 113.0559 0005686  97.8016 262.3886 15.62197017938630
0 AIM
1 31304U 07015A   24140.87210785  .00138666  00000-0  15464-2 0  9995
2 31304  97.8983 113.5557 0005654  98.2886 261.9012 15.62331944938701
0 AIM
1 31304U 07015A   24141.44851864  .00126211  00000-0  14015-2 0  9992
2 31304  97.8977 114.1991 0005669  96.7867 263.4035 15.62483908938790
0 AIM
1 31304U 07015A   24141.89679992  .00127234  00000-0  14063-2 0  9990
2 31304  97.8977 114.6994 0005646  97.3717 262.8181 15.62600767938861
0 AIM
1 31304U 07015A   24142.92132101  .00129900  00000-0  14206-2 0  9992
2 31304  97.8981 115.8439 0005583  97.3214 262.8678 15.62866273939021
0 AIM
1 31304U 07015A   24142.92132101  .00129900  00000-0  14206-2 0  9992
2 31304  97.8981 115.8439 0005583  97.3214 262.8678 15.62866273939021
0 AIM
1 31304U 07015A   24143.49753823  .00112714  00000-0  12289-2 0  9999
2 31304  97.8977 116.4876 0005459  96.2717 263.9162 15.63003037939118
0 AIM
1 31304U 07015A   24143.88165402  .00105665  00000-0  11490-2 0  9992
2 31304  97.8977 116.9163 0005420  96.9444 263.2430 15.63095446939176
0 AIM
1 31304U 07015A   24143.88165402  .00105665  00000-0  11490-2 0  9992
2 31304  97.8977 116.9163 0005420  96.9444 263.2430 15.63095446939176
0 AIM
1 31304U 07015A   24144.45778553  .00114875  00000-0  12409-2 0  9997
2 31304  97.8978 117.5605 0005357  96.4604 263.7263 15.63234802939267
0 AIM
1 31304U 07015A   24144.45778553  .00114875  00000-0  12409-2 0  9997
2 31304  97.8978 117.5605 0005357  96.4604 263.7263 15.63234802939267
0 AIM
1 31304U 07015A   24144.90585135  .00126137  00000-0  13542-2 0  9992
2 31304  97.8981 118.0609 0005317  95.9836 264.2027 15.63355441939333
0 AIM
1 31304U 07015A   24144.90585135  .00126137  00000-0  13542-2 0  9992
2 31304  97.8981 118.0609 0005317  95.9836 264.2027 15.63355441939333
0 AIM
1 31304U 07015A   24145.48188392  .00129797  00000-0  13842-2 0  9998
2 31304  97.8981 118.7051 0005157  94.4985 265.6862 15.63515901939423
0 AIM
1 31304U 07015A   24145.48188392  .00129797  00000-0  13842-2 0  9998
2 31304  97.8981 118.7051 0005157  94.4985 265.6862 15.63515901939423
0 AIM
1 31304U 07015A   24145.86587493  .00111638  00000-0  11891-2 0  9992
2 31304  97.8984 119.1340 0005109  94.4150 265.7691 15.63607900939481
0 AIM
1 31304U 07015A   24145.86587493  .00111638  00000-0  11891-2 0  9992
2 31304  97.8984 119.1340 0005109  94.4150 265.7691 15.63607900939481
0 AIM
1 31304U 07015A   24146.50581093  .00096290  00000-0  10222-2 0  9997
2 31304  97.8982 119.8498 0005135  94.5137 265.6707 15.63745399939588
0 AIM
1 31304U 07015A   24146.88974530  .00107557  00000-0  11362-2 0  9995
2 31304  97.8983 120.2788 0005062  95.0514 265.1321 15.63833266939646
0 AIM
1 31304U 07015A   24147.46560908  .00109155  00000-0  11473-2 0  9999
2 31304  97.8985 120.9229 0005017  94.2757 265.9074 15.63956601939737
0 AIM
1 31304U 07015A   24147.65755373  .00100946  00000-0  10607-2 0  9999
2 31304  97.8986 121.1375 0004957  93.7898 266.3926 15.63992460939762
0 AIM
1 31304U 07015A   24148.48926082  .00085375  00000-0  89334-3 0  9990
2 31304  97.8982 122.0687 0005012  93.0509 267.1322 15.64152690939896
0 AIM
1 31304U 07015A   24148.48926082  .00085375  00000-0  89334-3 0  9990
2 31304  97.8982 122.0687 0005012  93.0509 267.1322 15.64152690939896
0 AIM
1 31304U 07015A   24148.87309700  .00087625  00000-0  91386-3 0  9995
2 31304  97.8982 122.4975 0005020  92.6445 267.5387 15.64228909939952
0 AIM
1 31304U 07015A   24149.44881728  .00098887  00000-0  10252-2 0  9998
2 31304  97.8978 123.1419 0005022  92.3341 267.8492 15.64341368940049
0 AIM
1 31304U 07015A   24149.44881728  .00098887  00000-0  10252-2 0  9998
2 31304  97.8978 123.1419 0005022  92.3341 267.8492 15.64341368940049
0 AIM
1 31304U 07015A   24149.89657233  .00083368  00000-0  86351-3 0  9991
2 31304  97.8979 123.6427 0004935  92.7671 267.4151 15.64419385940117
0 AIM
1 31304U 07015A   24149.89657233  .00083368  00000-0  86351-3 0  9991
2 31304  97.8979 123.6427 0004935  92.7671 267.4151 15.64419385940117
0 AIM
1 31304U 07015A   24150.47222181  .00087973  00000-0  90672-3 0  9994
2 31304  97.8977 124.2875 0004837  91.6562 268.5250 15.64529150940201
0 AIM
1 31304U 07015A   24150.47222181  .00087973  00000-0  90672-3 0  9994
2 31304  97.8977 124.2875 0004837  91.6562 268.5250 15.64529150940201
0 AIM
1 31304U 07015A   24150.91992154  .00096799  00000-0  99293-3 0  9991
2 31304  97.8977 124.7883 0004770  92.6595 267.5209 15.64620422940272
0 AIM
1 31304U 07015A   24150.91992178  .00092749  00000-0  95204-3 0  9996
2 31304  97.8977 124.7883 0004761  92.6854 267.4949 15.64617014940273
0 AIM
1 31304U 07015A   24151.43154736  .00096893  00000-0  99005-3 0  9991
2 31304  97.8974 125.3617 0004724  92.0667 268.1132 15.64718828940353
0 AIM
1 31304U 07015A   24151.87919497  .00148901  00000-0  15054-2 0  9991
2 31304  97.8970 125.8625 0004664  91.1538 269.0254 15.64817270940427
0 AIM
1 31304U 07015A   24152.45469999  .00139155  00000-0  14020-2 0  9996
2 31304  97.8966 126.5072 0004721  91.9132 268.2666 15.64936252940518
0 AIM
1 31304U 07015A   24152.45469999  .00139155  00000-0  14020-2 0  9996
2 31304  97.8966 126.5072 0004721  91.9132 268.2666 15.64936252940518
0 AIM
1 31304U 07015A   24152.83834480  .00105841  00000-0  10678-2 0  9999
2 31304  97.8966 126.9370 0004710  91.9190 268.2608 15.65011216940572
0 AIM
1 31304U 07015A   24152.90228394  .00104047  00000-0  10494-2 0  9991
2 31304  97.8965 127.0083 0004716  91.5134 268.6665 15.65024628940583
0 AIM
1 31304U 07015A   24153.47770966  .00098505  00000-0  98957-3 0  9993
2 31304  97.8964 127.6531 0004614  90.5151 269.6636 15.65144156940679
0 AIM
1 31304U 07015A   24153.86130277  .00104931  00000-0  10498-2 0  9995
2 31304  97.8964 128.0823 0004619  91.6387 268.5401 15.65226429940735
0 AIM
1 31304U 07015A   24154.43665623  .00102753  00000-0  10237-2 0  9998
2 31304  97.8961 128.7276 0004540  90.5666 269.6112 15.65340299940825
0 AIM
1 31304U 07015A   24154.69235541  .00104560  00000-0  10394-2 0  9990
2 31304  97.8960 129.0138 0004480  91.2392 268.9379 15.65390238940861
0 AIM
1 31304U 07015A   24154.69235541  .00104560  00000-0  10394-2 0  9990
2 31304  97.8960 129.0138 0004480  91.2392 268.9379 15.65390238940861
0 AIM
1 31304U 07015A   24155.45940011  .00122457  00000-0  12062-2 0  9999
2 31304  97.8958 129.8739 0004380  90.3525 269.8235 15.65562963940980
0 AIM
1 31304U 07015A   24155.45940011  .00122457  00000-0  12062-2 0  9999
2 31304  97.8958 129.8739 0004380  90.3525 269.8235 15.65562963940980
0 AIM
1 31304U 07015A   24155.90680401  .00118133  00000-0  11596-2 0  9990
2 31304  97.8961 130.3754 0004338  90.5400 269.6355 15.65664254941051
0 AIM
1 31304U 07015A   24156.48199049  .00129135  00000-0  12584-2 0  9999
2 31304  97.8963 131.0208 0004264  90.1298 270.0449 15.65811991941146
0 AIM
1 31304U 07015A   24156.48199049  .00129135  00000-0  12584-2 0  9999
2 31304  97.8963 131.0208 0004264  90.1298 270.0449 15.65811991941146
0 AIM
1 31304U 07015A   24156.67370662  .00131945  00000-0  12827-2 0  9994
2 31304  97.8962 131.2355 0004210  91.0309 269.1432 15.65863589941178
0 AIM
1 31304U 07015A   24157.50440931  .00127328  00000-0  12283-2 0  9990
2 31304  97.8960 132.1674 0004153  90.2634 269.9101 15.66072490941308
0 AIM
1 31304U 07015A   24157.50440931  .00127328  00000-0  12283-2 0  9990
2 31304  97.8960 132.1674 0004153  90.2634 269.9101 15.66072490941308
0 AIM
1 31304U 07015A   24157.69609459  .00129874  00000-0  12502-2 0  9994
2 31304  97.8960 132.3823 0004126  91.1106 269.0625 15.66117778941334
0 AIM
1 31304U 07015A   24158.46277407  .00134092  00000-0  12796-2 0  9997
2 31304  97.8958 133.2430 0004104  90.9760 269.1968 15.66322792941452
0 AIM
1 31304U 07015A   24158.46277407  .00134092  00000-0  12796-2 0  9997
2 31304  97.8958 133.2430 0004104  90.9760 269.1968 15.66322792941452
0 AIM
1 31304U 07015A   24159.48485872  .00138219  00000-0  13042-2 0  9997
2 31304  97.8963 134.3902 0003846  91.7610 268.4089 15.66592695941614
0 AIM
1 31304U 07015A   24159.93196334  .00154279  00000-0  14448-2 0  9994
2 31304  97.8964 134.8919 0003870  93.3466 266.8235 15.66730038941689
0 AIM
1 31304U 07015A   24160.44289523  .00144922  00000-0  13511-2 0  9999
2 31304  97.8965 135.4661 0003949  92.4016 267.7695 15.66871039941765
0 AIM
1 31304U 07015A   24160.88992109  .00136738  00000-0  12697-2 0  9998
2 31304  97.8962 135.9678 0003883  93.9525 266.2178 15.66997075941830
0 AIM
1 31304U 07015A   24160.88992109  .00136738  00000-0  12697-2 0  9998
2 31304  97.8962 135.9678 0003883  93.9525 266.2178 15.66997075941830
0 AIM
1 31304U 07015A   24161.46461704  .00130453  00000-0  12048-2 0  9993
2 31304  97.8958 136.6141 0003761  93.3166 266.8523 15.67152268941926
0 AIM
1 31304U 07015A   24161.91156319  .00137240  00000-0  12601-2 0  9992
2 31304  97.8959 137.1158 0003692  94.7046 265.4635 15.67276214941990
0 AIM
1 31304U 07015A   24161.97541015  .00134384  00000-0  12336-2 0  9990
2 31304  97.8959 137.1876 0003708  94.4869 265.6814 15.67290719942005
0 AIM
1 31304U 07015A   24162.54999894  .00123285  00000-0  11266-2 0  9995
2 31304  97.8961 137.8335 0003638  94.5387 265.6287 15.67438794942093
0 AIM
1 31304U 07015A   24162.93302808  .00143000  00000-0  12978-2 0  9999
2 31304  97.8960 138.2639 0003621  96.3834 263.7838 15.67546890942158
0 AIM
1 31304U 07015A   24163.18836699  .00145662  00000-0  13181-2 0  9990
2 31304  97.8960 138.5513 0003628  95.7135 264.4538 15.67611014942196
0 AIM
1 31304U 07015A   24163.44369386  .00147690  00000-0  13320-2 0  9991
2 31304  97.8956 138.8383 0003601  95.8017 264.3653 15.67687299942230
0 AIM
1 31304U 07015A   24164.20960919  .00133498  00000-0  11969-2 0  9993
2 31304  97.8954 139.6998 0003517  96.6466 263.5194 15.67878492942353
0 AIM
1 31304U 07015A   24164.20960919  .00133498  00000-0  11969-2 0  9993
2 31304  97.8954 139.6998 0003517  96.6466 263.5194 15.67878492942353
0 AIM
1 31304U 07015A   24164.84780308  .00124964  00000-0  11147-2 0  9991
2 31304  97.8952 140.4171 0003472  97.9522 262.2132 15.68031264942459
0 AIM
1 31304U 07015A   24164.91161909  .00121874  00000-0  10869-2 0  9996
2 31304  97.8953 140.4889 0003468  97.9445 262.2208 15.68046643942467
0 AIM
1 31304U 07015A   24165.48593453  .00112733  00000-0  10011-2 0  9995
2 31304  97.8951 141.1353 0003342  98.0252 262.1387 15.68181486942550
0 AIM
1 31304U 07015A   24165.93259040  .00110041  00000-0  97334-3 0  9990
2 31304  97.8950 141.6374 0003402 100.2403 259.9241 15.68287191942629
0 AIM
1 31304U 07015A   24166.44301813  .00112633  00000-0  99122-3 0  9999
2 31304  97.8944 142.2126 0003414  98.3873 261.7774 15.68403709942701
0 AIM
1 31304U 07015A   24166.88961043  .00112632  00000-0  98701-3 0  9995
2 31304  97.8942 142.7148 0003353 100.2851 259.8787 15.68508463942771
0 AIM
1 31304U 07015A   24167.46375694  .00122454  00000-0  10657-2 0  9997
2 31304  97.8940 143.3613 0003296 100.2807 259.8824 15.68646793942861
0 AIM
1 31304U 07015A   24167.84649086  .00144816  00000-0  12511-2 0  9995
2 31304  97.8940 143.7917 0003262 102.4076 257.7549 15.68757056942920
0 AIM
1 31304U 07015A   24168.48432411  .00124675  00000-0  10726-2 0  9995
2 31304  97.8940 144.5104 0003141 102.7003 257.4609 15.68922897943029
0 AIM
1 31304U 07015A   24168.93076731  .00128554  00000-0  11001-2 0  9991
2 31304  97.8939 145.0130 0003167 105.2372 254.9239 15.69040894943094
0 AIM
1 31304U 07015A   24169.88732765  .00119985  00000-0  10185-2 0  9992
2 31304  97.8933 146.0908 0003123 107.0739 253.0863 15.69265573943244
0 AIM
1 31304U 07015A   24170.46119915  .00118674  00000-0  10021-2 0  9997
2 31304  97.8929 146.7382 0003127 105.0080 255.1526 15.69397722943334
0 AIM
1 31304U 07015A   24170.84375242  .00117677  00000-0  99012-3 0  9996
2 31304  97.8930 147.1689 0003143 106.8990 253.2615 15.69488161943390
0 AIM
1 31304U 07015A   24170.90750910  .00116647  00000-0  98094-3 0  9997
2 31304  97.8931 147.2408 0003130 107.0247 253.1356 15.69504389943409
0 AIM
1 31304U 07015A   24171.48129084  .00110136  00000-0  92180-3 0  9990
2 31304  97.8931 147.8879 0003005 106.4213 253.7378 15.69640989943490
0 AIM
1 31304U 07015A   24171.86378387  .00099638  00000-0  83200-3 0  9990
2 31304  97.8933 148.3188 0003047 109.3860 250.7730 15.69730999943554
0 AIM
1 31304U 07015A   24171.92753033  .00100105  00000-0  83523-3 0  9992
2 31304  97.8934 148.3907 0003059 109.2558 250.9034 15.69748770943566
0 AIM
1 31304U 07015A   24172.43748064  .00106463  00000-0  88300-3 0  9998
2 31304  97.8931 148.9662 0003053 108.6837 251.4756 15.69873112943649
0 AIM
1 31304U 07015A   24172.88365432  .00109684  00000-0  90524-3 0  9990
2 31304  97.8930 149.4691 0003074 111.1986 248.9603 15.69982583943716
0 AIM
1 31304U 07015A   24172.88365432  .00109684  00000-0  90524-3 0  9990
2 31304  97.8930 149.4691 0003074 111.1986 248.9603 15.69982583943716
0 AIM
1 31304U 07015A   24173.45726133  .00116293  00000-0  95347-3 0  9995
2 31304  97.8929 150.1167 0003036 111.2112 248.9473 15.70121946943806
0 AIM
1 31304U 07015A   24173.45726133  .00116293  00000-0  95347-3 0  9995
2 31304  97.8929 150.1167 0003036 111.2112 248.9473 15.70121946943806
0 AIM
1 31304U 07015A   24173.90336666  .00115339  00000-0  94184-3 0  9991
2 31304  97.8930 150.6196 0003057 114.4388 245.7192 15.70222473943875
0 AIM
1 31304U 07015A   24174.47688675  .00119844  00000-0  97259-3 0  9995
2 31304  97.8934 151.2670 0002955 114.3146 245.8423 15.70358443943965
0 AIM
1 31304U 07015A   24174.47688675  .00119844  00000-0  97259-3 0  9995
2 31304  97.8934 151.2670 0002955 114.3146 245.8423 15.70358443943965
0 AIM
1 31304U 07015A   24174.92292526  .00116765  00000-0  94403-3 0  9998
2 31304  97.8939 151.7700 0003012 116.6545 243.5025 15.70459216944034
0 AIM
1 31304U 07015A   24175.49635948  .00125347  00000-0  10066-2 0  9998
2 31304  97.8939 152.4176 0002943 115.8312 244.3252 15.70595681944122
0 AIM
1 31304U 07015A   24175.56007130  .00123807  00000-0  99383-3 0  9991
2 31304  97.8939 152.4896 0002963 116.3412 243.8154 15.70610149944133
0 AIM
1 31304U 07015A   24175.87862087  .00124378  00000-0  99497-3 0  9995
2 31304  97.8939 152.8491 0003000 118.2561 241.9003 15.70691495944187
0 AIM
1 31304U 07015A   24176.51567179  .00121439  00000-0  96550-3 0  9993
2 31304  97.8935 153.5689 0003051 119.2564 240.9002 15.70848675944283
0 AIM
1 31304U 07015A   24176.89787212  .00117655  00000-0  93231-3 0  9994
2 31304  97.8933 154.0005 0003122 121.3492 238.8075 15.70940229944343
0 AIM
1 31304U 07015A   24177.47112641  .00136334  00000-0  10707-2 0  9998
2 31304  97.8933 154.6483 0003110 122.2999 237.8563 15.71098035944439
0 AIM
1 31304U 07015A   24177.47112641  .00136334  00000-0  10707-2 0  9998
2 31304  97.8933 154.6483 0003110 122.2999 237.8563 15.71098035944439
0 AIM
1 31304U 07015A   24177.91695001  .00138937  00000-0  10849-2 0  9991
2 31304  97.8936 155.1516 0003105 124.6814 235.4740 15.71227844944502
0 AIM
1 31304U 07015A   24177.98063590  .00142235  00000-0  11092-2 0  9997
2 31304  97.8936 155.2237 0003081 123.4810 236.6746 15.71249339944512
0 AIM
1 31304U 07015A   24178.55377484  .00157467  00000-0  12167-2 0  9998
2 31304  97.8936 155.8715 0003083 125.5312 234.6237 15.71425014944600
0 AIM
1 31304U 07015A   24178.55377484  .00157467  00000-0  12167-2 0  9998
2 31304  97.8936 155.8715 0003083 125.5312 234.6237 15.71425014944600
0 AIM
1 31304U 07015A   24179.89085220  .00152333  00000-0  11581-2 0  9996
2 31304  97.8928 157.3829 0003298 128.8971 231.2586 15.71827401944818
0 AIM
1 31304U 07015A   24180.46377716  .00181337  00000-0  13622-2 0  9999
2 31304  97.8927 158.0311 0003262 130.1834 229.9714 15.72027319944904
0 AIM
1 31304U 07015A   24180.46377716  .00181337  00000-0  13622-2 0  9999
2 31304  97.8927 158.0311 0003262 130.1834 229.9714 15.72027319944904
0 AIM
1 31304U 07015A   24180.90932652  .00203384  00000-0  15108-2 0  9992
2 31304  97.8920 158.5355 0003299 129.3186 230.8368 15.72229497944974
0 AIM
1 31304U 07015A   24181.48210096  .00182593  00000-0  13477-2 0  9992
2 31304  97.8919 159.1837 0003310 129.6365 230.5189 15.72442161945064
0 AIM
1 31304U 07015A   24181.48210096  .00182593  00000-0  13477-2 0  9992
2 31304  97.8919 159.1837 0003310 129.6365 230.5189 15.72442161945064
0 AIM
1 31304U 07015A   24181.92754151  .00182017  00000-0  13347-2 0  9993
2 31304  97.8921 159.6879 0003319 130.0330 230.1224 15.72598851945137
0 AIM
1 31304U 07015A   24182.50018372  .00176566  00000-0  12846-2 0  9991
2 31304  97.8920 160.3366 0003332 132.5358 227.6186 15.72800693945226
0 AIM
1 31304U 07015A   24182.88190387  .00188385  00000-0  13603-2 0  9993
2 31304  97.8915 160.7690 0003421 132.5088 227.6463 15.72944267945283
0 AIM
1 31304U 07015A   24183.45442357  .00173824  00000-0  12472-2 0  9999
2 31304  97.8907 161.4177 0003507 133.3864 226.7691 15.73136251945378
0 AIM
1 31304U 07015A   24183.89966745  .00172890  00000-0  12326-2 0  9999
2 31304  97.8904 161.9222 0003547 134.5408 225.6145 15.73289358945449
0 AIM
1 31304U 07015A   24183.89966745  .00172890  00000-0  12326-2 0  9999
2 31304  97.8904 161.9222 0003547 134.5408 225.6145 15.73289358945449
0 AIM
1 31304U 07015A   24184.47206103  .00167367  00000-0  11843-2 0  9995
2 31304  97.8903 162.5711 0003622 135.8135 224.3417 15.73481791945536
0 AIM
1 31304U 07015A   24184.91720758  .00164359  00000-0  11561-2 0  9996
2 31304  97.8905 163.0755 0003695 138.3991 221.7553 15.73630285945604
0 AIM
1 31304U 07015A   24184.91720758  .00164359  00000-0  11561-2 0  9996
2 31304  97.8905 163.0755 0003695 138.3991 221.7553 15.73630285945604
0 AIM
1 31304U 07015A   24185.93453024  .00152673  00000-0  10603-2 0  9990
2 31304  97.8909 164.2291 0003784 140.1092 220.0450 15.73962511945763
0 AIM
1 31304U 07015A   24186.18882791  .00157616  00000-0  10904-2 0  9991
2 31304  97.8908 164.5179 0003782 140.0223 220.1319 15.74038864945809
0 AIM
1 31304U 07015A   24186.44311202  .00152573  00000-0  10524-2 0  9999
2 31304  97.8906 164.8065 0003789 140.2241 219.9300 15.74122504945848
0 AIM
1 31304U 07015A   24186.88807744  .00167643  00000-0  11467-2 0  9999
2 31304  97.8906 165.3111 0003938 141.7254 218.4289 15.74274112945913
0 AIM
1 31304U 07015A   24186.88807744  .00167643  00000-0  11467-2 0  9999
2 31304  97.8906 165.3111 0003938 141.7254 218.4289 15.74274112945913
0 AIM
1 31304U 07015A   24187.46011163  .00162407  00000-0  11022-2 0  9996
2 31304  97.8902 165.9612 0003978 139.9978 220.1578 15.74471975946005
0 AIM
1 31304U 07015A   24187.84142671  .00175184  00000-0  11799-2 0  9994
2 31304  97.8901 166.3936 0004145 140.3962 219.7605 15.74612012946064
0 AIM
1 31304U 07015A   24187.90497636  .00167705  00000-0  11296-2 0  9997
2 31304  97.8900 166.4658 0004142 140.4514 219.7052 15.74631789946075
0 AIM
1 31304U 07015A   24188.47688483  .00161118  00000-0  10776-2 0  9996
2 31304  97.8902 167.1155 0004151 140.6790 219.4775 15.74814591946168
0 AIM
1 31304U 07015A   24188.47688483  .00161118  00000-0  10776-2 0  9996
2 31304  97.8902 167.1155 0004151 140.6790 219.4775 15.74814591946168
0 AIM
1 31304U 07015A   24188.92165416  .00151548  00000-0  10083-2 0  9999
2 31304  97.8907 167.6205 0004276 142.3701 217.7862 15.74962824946232
0 AIM
1 31304U 07015A   24189.49344008  .00167368  00000-0  11022-2 0  9999
2 31304  97.8907 168.2701 0004216 142.5726 217.5831 15.75155553946321
0 AIM
1 31304U 07015A   24189.49344008  .00167368  00000-0  11022-2 0  9999
2 31304  97.8907 168.2701 0004216 142.5726 217.5831 15.75155553946321
0 AIM
1 31304U 07015A   24190.50977754  .00162201  00000-0  10535-2 0  9992
2 31304  97.8908 169.4252 0004338 143.7893 216.3665 15.75489331946482
0 AIM
1 31304U 07015A   24190.50977754  .00162201  00000-0  10535-2 0  9992
2 31304  97.8908 169.4252 0004338 143.7893 216.3665 15.75489331946482
0 AIM
1 31304U 07015A   24190.89084757  .00168545  00000-0  10875-2 0  9990
2 31304  97.8908 169.8581 0004465 144.9338 215.2220 15.75623016946541
0 AIM
1 31304U 07015A   24191.46239549  .00153551  00000-0  98470-3 0  9994
2 31304  97.8902 170.5088 0004503 143.0978 217.0596 15.75806229946634
0 AIM
1 31304U 07015A   24191.90688534  .00155904  00000-0  99305-3 0  9997
2 31304  97.8903 171.0138 0004621 144.1096 216.0479 15.75954447946704
0 AIM
1 31304U 07015A   24192.47830949  .00169121  00000-0  10662-2 0  9993
2 31304  97.8904 171.6640 0004614 144.1382 216.0193 15.76153838946797
0 AIM
1 31304U 07015A   24192.47830949  .00169121  00000-0  10662-2 0  9993
2 31304  97.8904 171.6640 0004614 144.1382 216.0193 15.76153838946797
0 AIM
1 31304U 07015A   24192.92270091  .00171277  00000-0  10721-2 0  9990
2 31304  97.8908 172.1694 0004742 144.8060 215.3518 15.76310988946860
0 AIM
1 31304U 07015A   24193.49399397  .00180741  00000-0  11197-2 0  9998
2 31304  97.8908 172.8199 0004777 143.8067 216.3521 15.76521160946952
0 AIM
1 31304U 07015A   24193.49399397  .00180741  00000-0  11197-2 0  9998
2 31304  97.8908 172.8199 0004777 143.8067 216.3521 15.76521160946952
0 AIM
1 31304U 07015A   24194.50943705  .00197506  00000-0  12005-2 0  9995
2 31304  97.8906 173.9761 0004886 145.7069 214.4511 15.76908618947115
0 AIM
1 31304U 07015A   24194.50943705  .00197506  00000-0  12005-2 0  9995
2 31304  97.8906 173.9761 0004886 145.7069 214.4511 15.76908618947115
0 AIM
1 31304U 07015A   24194.89016428  .00185493  00000-0  11221-2 0  9991
2 31304  97.8901 174.4100 0004992 144.6242 215.5354 15.77049786947178
0 AIM
1 31304U 07015A   24195.46119014  .00199743  00000-0  11946-2 0  9997
2 31304  97.8894 175.0609 0005122 144.1384 216.0225 15.77269177947269
0 AIM
1 31304U 07015A   24195.46119014  .00199743  00000-0  11946-2 0  9997
2 31304  97.8894 175.0609 0005122 144.1384 216.0225 15.77269177947269
0 AIM
1 31304U 07015A   24195.90526486  .00212853  00000-0  12608-2 0  9995
2 31304  97.8892 175.5670 0005217 144.4654 215.6958 15.77451629947339
0 AIM
1 31304U 07015A   24196.47613997  .00223471  00000-0  13075-2 0  9999
2 31304  97.8891 176.2178 0005345 144.6355 215.5266 15.77700905947426
0 AIM
1 31304U 07015A   24196.47613997  .00223471  00000-0  13075-2 0  9999
2 31304  97.8891 176.2178 0005345 144.6355 215.5266 15.77700905947426
0 AIM
1 31304U 07015A   24196.92009011  .00223912  00000-0  12985-2 0  9994
2 31304  97.8891 176.7242 0005431 145.1340 215.0281 15.77899758947493
0 AIM
1 31304U 07015A   24197.49080180  .00238666  00000-0  13659-2 0  9994
2 31304  97.8890 177.3751 0005458 145.9291 214.2325 15.78157860947588
0 AIM
1 31304U 07015A   24197.49080180  .00238666  00000-0  13659-2 0  9994
2 31304  97.8890 177.3751 0005458 145.9291 214.2325 15.78157860947588
0 AIM
1 31304U 07015A   24197.93462311  .00225275  00000-0  12797-2 0  9997
2 31304  97.8892 177.8814 0005511 145.9992 214.1627 15.78360532947657
0 AIM
1 31304U 07015A   24198.50516226  .00259276  00000-0  14482-2 0  9997
2 31304  97.8890 178.5328 0005557 147.5286 212.6322 15.78648892947740
0 AIM
1 31304U 07015A   24198.50516226  .00259276  00000-0  14482-2 0  9997
2 31304  97.8890 178.5328 0005557 147.5286 212.6322 15.78648892947740
0 AIM
1 31304U 07015A   24198.94883986  .00263701  00000-0  14563-2 0  9993
2 31304  97.8887 179.0397 0005700 146.8040 213.3584 15.78890288947812
0 AIM
1 31304U 07015A   24199.51918688  .00290192  00000-0  15760-2 0  9999
2 31304  97.8876 179.6915 0005834 146.4318 213.7319 15.79193792947901
0 AIM
1 31304U 07015A   24199.51918688  .00290192  00000-0  15760-2 0  9999
2 31304  97.8876 179.6915 0005834 146.4318 213.7319 15.79193792947901
0 AIM
1 31304U 07015A   24199.89936003  .00256983  00000-0  13896-2 0  9999
2 31304  97.8874 180.1262 0005897 146.1753 213.9890 15.79376646947963
0 AIM
1 31304U 07015A   24199.89936003  .00256983  00000-0  13896-2 0  9999
2 31304  97.8874 180.1262 0005897 146.1753 213.9890 15.79376646947963
0 AIM
1 31304U 07015A   24200.46952993  .00270179  00000-0  14391-2 0  9995
2 31304  97.8867 180.7783 0006051 145.5098 214.6561 15.79676105948054
0 AIM
1 31304U 07015A   24200.91292132  .00265643  00000-0  14010-2 0  9995
2 31304  97.8865 181.2853 0006124 146.1092 214.0566 15.79906717948120
0 AIM
1 31304U 07015A   24201.48289948  .00260075  00000-0  13541-2 0  9991
2 31304  97.8866 181.9370 0006135 146.6609 213.5045 15.80205373948211
0 AIM
1 31304U 07015A   24201.48289948  .00260075  00000-0  13541-2 0  9991
2 31304  97.8866 181.9370 0006135 146.6609 213.5045 15.80205373948211
0 AIM
1 31304U 07015A   24201.86282362  .00288213  00000-0  14809-2 0  9998
2 31304  97.8868 182.3726 0006373 146.1153 214.0522 15.80422752948270
0 AIM
1 31304U 07015A   24201.92613888  .00281881  00000-0  14470-2 0  9994
2 31304  97.8868 182.4451 0006385 146.1264 214.0411 15.80459591948281
0 AIM
1 31304U 07015A   24202.49591434  .00292015  00000-0  14754-2 0  9995
2 31304  97.8868 183.0974 0006392 145.8512 214.3167 15.80782889948378
0 AIM
1 31304U 07015A   24202.87569795  .00296036  00000-0  14797-2 0  9996
2 31304  97.8871 183.5321 0006391 146.3632 213.8041 15.81008702948439
0 AIM
1 31304U 07015A   24202.93898948  .00299165  00000-0  14919-2 0  9990
2 31304  97.8871 183.6046 0006389 146.3532 213.8141 15.81051245948442
0 AIM
1 31304U 07015A   24203.50855274  .00289804  00000-0  14258-2 0  9994
2 31304  97.8872 184.2573 0006440 147.7185 212.4477 15.81370189948530
0 AIM
1 31304U 07015A   24203.88819802  .00301860  00000-0  14683-2 0  9991
2 31304  97.8873 184.6926 0006502 148.4218 211.7440 15.81587481948594
0 AIM
1 31304U 07015A   24203.88819802  .00301860  00000-0  14683-2 0  9991
2 31304  97.8873 184.6926 0006502 148.4218 211.7440 15.81587481948594
0 AIM
1 31304U 07015A   24204.39431312  .00309264  00000-0  14837-2 0  9991
2 31304  97.8871 185.2732 0006594 149.4622 210.7030 15.81868268948673
0 AIM
1 31304U 07015A   24204.39431312  .00309264  00000-0  14837-2 0  9991
2 31304  97.8871 185.2732 0006594 149.4622 210.7030 15.81868268948673
0 AIM
1 31304U 07015A   24204.83708821  .00325323  00000-0  15388-2 0  9998
2 31304  97.8870 185.7812 0006875 147.4953 212.6739 15.82132929948747
0 AIM
1 31304U 07015A   24205.40626021  .00321390  00000-0  14972-2 0  9991
2 31304  97.8860 186.4352 0006901 145.6814 214.4900 15.82472101948838
0 AIM
1 31304U 07015A   24205.40626021  .00321390  00000-0  14972-2 0  9991
2 31304  97.8860 186.4352 0006901 145.6814 214.4900 15.82472101948838
0 AIM
1 31304U 07015A   24205.84887093  .00296027  00000-0  13680-2 0  9990
2 31304  97.8859 186.9436 0007099 145.1173 215.0561 15.82706468948900
0 AIM
1 31304U 07015A   24205.91209499  .00299524  00000-0  13810-2 0  9996
2 31304  97.8859 187.0162 0007125 144.9754 215.1984 15.82746739948916
0 AIM
1 31304U 07015A   24206.41784297  .00314949  00000-0  14312-2 0  9993
2 31304  97.8862 187.5970 0007175 145.0108 215.1632 15.83020197948994
0 AIM
1 31304U 07015A   24206.41784297  .00314949  00000-0  14312-2 0  9993
2 31304  97.8862 187.5970 0007175 145.0108 215.1632 15.83020197948994
0 AIM
1 31304U 07015A   24206.79709244  .00308595  00000-0  13891-2 0  9994
2 31304  97.8863 188.0327 0007224 145.1005 215.0738 15.83238469949056
0 AIM
1 31304U 07015A   24206.79709244  .00308595  00000-0  13891-2 0  9994
2 31304  97.8863 188.0327 0007224 145.1005 215.0738 15.83238469949056
0 AIM
1 31304U 07015A   24207.42906596  .00293298  00000-0  13020-2 0  9991
2 31304  97.8865 188.7586 0007136 146.1862 213.9862 15.83574110949158
0 AIM
1 31304U 07015A   24207.93454679  .00267686  00000-0  11768-2 0  9996
2 31304  97.8868 189.3398 0007124 145.4775 214.6957 15.83843869949233
0 AIM
1 31304U 07015A   24207.93454679  .00267686  00000-0  11768-2 0  9996
2 31304  97.8868 189.3398 0007124 145.4775 214.6957 15.83843869949233
0 AIM
1 31304U 07015A   24208.37676536  .00347835  00000-0  14949-2 0  9992
2 31304  97.8873 189.8486 0007141 146.8760 213.2957 15.84130801949309
0 AIM
1 31304U 07015A   24208.37676536  .00347835  00000-0  14949-2 0  9992
2 31304  97.8873 189.8486 0007141 146.8760 213.2957 15.84130801949309
0 AIM
1 31304U 07015A   24208.88206070  .00329627  00000-0  13982-2 0  9995
2 31304  97.8875 190.4302 0007175 146.4397 213.7327 15.84452121949381
0 AIM
1 31304U 07015A   24208.88206070  .00329627  00000-0  13982-2 0  9995
2 31304  97.8875 190.4302 0007175 146.4397 213.7327 15.84452121949381
0 AIM
1 31304U 07015A   24209.19781889  .00304816  00000-0  12853-2 0  9995
2 31304  97.8868 190.7932 0007125 146.1169 214.0556 15.84637676949438
0 AIM
1 31304U 07015A   24209.19781889  .00304816  00000-0  12853-2 0  9995
2 31304  97.8868 190.7932 0007125 146.1169 214.0556 15.84637676949438
0 AIM
1 31304U 07015A   24209.38725502  .00322735  00000-0  13500-2 0  9996
2 31304  97.8866 191.0113 0007104 147.1551 213.0160 15.84763886949460
0 AIM
1 31304U 07015A   24209.89235300  .00338610  00000-0  13931-2 0  9991
2 31304  97.8861 191.5932 0007214 146.6678 213.5047 15.85074202949541
0 AIM
1 31304U 07015A   24210.20798994  .00266412  00000-0  10965-2 0  9995
2 31304  97.8854 191.9571 0007292 144.8842 215.2909 15.85237161949591
0 AIM
1 31304U 07015A   24210.52358927  .00284638  00000-0  11582-2 0  9994
2 31304  97.8856 192.3217 0007407 144.1521 216.0246 15.85432047949649
0 AIM
1 31304U 07015A   24210.83915133  .00305188  00000-0  12275-2 0  9990
2 31304  97.8854 192.6855 0007451 144.2035 215.9734 15.85625406949696
0 AIM
1 31304U 07015A   24210.90225925  .00295615  00000-0  11882-2 0  9997
2 31304  97.8853 192.7582 0007456 144.1073 216.0698 15.85661950949706
0 AIM
1 31304U 07015A   24211.40706673  .00321254  00000-0  12679-2 0  9991
2 31304  97.8841 193.3408 0007622 143.3504 216.8287 15.85980387949780
0 AIM
1 31304U 07015A   24211.40706673  .00321254  00000-0  12679-2 0  9991
2 31304  97.8841 193.3408 0007622 143.3504 216.8287 15.85980387949780
0 AIM
1 31304U 07015A   24211.91177480  .00315233  00000-0  12265-2 0  9996
2 31304  97.8839 193.9231 0007705 143.1671 217.0129 15.86290246949868
0 AIM
1 31304U 07015A   24212.41638318  .00404585  00000-0  15325-2 0  9993
2 31304  97.8836 194.5056 0007760 142.8197 217.3612 15.86637227949940
0 AIM
1 31304U 07015A   24212.41638318  .00404585  00000-0  15325-2 0  9993
2 31304  97.8836 194.5056 0007760 142.8197 217.3612 15.86637227949940
0 AIM
1 31304U 07015A   24212.85782049  .00387582  00000-0  14483-2 0  9993
2 31304  97.8833 195.0156 0007930 142.2832 217.8995 15.86955148950017
0 AIM
1 31304U 07015A   24212.92087502  .00391283  00000-0  14578-2 0  9991
2 31304  97.8832 195.0884 0007942 142.1777 218.0053 15.87007622950029
0 AIM
1 31304U 07015A   24213.48829005  .00363932  00000-0  13342-2 0  9993
2 31304  97.8830 195.7441 0007954 142.5136 217.6690 15.87401898950114
0 AIM
1 31304U 07015A   24213.86648474  .00413193  00000-0  14849-2 0  9992
2 31304  97.8828 196.1812 0008004 142.4060 217.7771 15.87697051950175
0 AIM
1 31304U 07015A   24213.92951021  .00412590  00000-0  14792-2 0  9991
2 31304  97.8828 196.2541 0007976 142.3929 217.7900 15.87747484950186
0 AIM
1 31304U 07015A   24214.49665036  .00406394  62614-4  14939-2 0  9993
2 31304  97.8829 196.9102 0007974 142.9248 217.2575 15.88203439950276
0 AIM
1 31304U 07015A   24214.87465096  .00400124  60927-4  14484-2 0  9994
2 31304  97.8829 197.3475 0007972 143.1468 217.0352 15.88514603950335
0 AIM
1 31304U 07015A   24214.87465096  .00400124  60927-4  14484-2 0  9994
2 31304  97.8829 197.3475 0007972 143.1468 217.0352 15.88514603950335
0 AIM
1 31304U 07015A   24215.50449462  .00374896  53856-4  13250-2 0  9993
2 31304  97.8835 198.0775 0008034 143.7603 216.4213 15.88996008950433
0 AIM
1 31304U 07015A   24215.50449462  .00374896  53856-4  13250-2 0  9993
2 31304  97.8835 198.0775 0008034 143.7603 216.4213 15.88996008950433
0 AIM
1 31304U 07015A   24215.88230580  .00418776  67365-4  14563-2 0  9997
2 31304  97.8837 198.5153 0008031 143.4391 216.7429 15.89319973950497
0 AIM
1 31304U 07015A   24215.94526679  .00414211  65946-4  14366-2 0  9995
2 31304  97.8836 198.5883 0008022 143.4512 216.7308 15.89373276950505
0 AIM
1 31304U 07015A   24216.51182479  .00419076  67882-4  14199-2 0  9994
2 31304  97.8835 199.2452 0008052 144.0616 216.1198 15.89838983950590
0 AIM
1 31304U 07015A   24216.51182479  .00419076  67882-4  14199-2 0  9994
2 31304  97.8835 199.2452 0008052 144.0616 216.1198 15.89838983950590
0 AIM
1 31304U 07015A   24216.88943338  .00434936  73440-4  14486-2 0  9991
2 31304  97.8837 199.6833 0008060 144.4869 215.6940 15.90179212950653
0 AIM
1 31304U 07015A   24216.95236069  .00423689  69717-4  14075-2 0  9994
2 31304  97.8837 199.7564 0008054 144.5035 215.6774 15.90230408950665
0 AIM
1 31304U 07015A   24217.51860003  .00521396  10702-3  16838-2 0  9990
2 31304  97.8833 200.4140 0008049 145.5692 214.6102 15.90791964950758
0 AIM
1 31304U 07015A   24217.51860003  .00521396  10702-3  16838-2 0  9990
2 31304  97.8833 200.4140 0008049 145.5692 214.6102 15.90791964950758
0 AIM
1 31304U 07015A   24217.89597206  .00663835  17811-3  20942-2 0  9997
2 31304  97.8830 200.8525 0008130 145.5998 214.5802 15.91263488950815
0 AIM
1 31304U 07015A   24217.89597206  .00663835  17811-3  20942-2 0  9997
2 31304  97.8830 200.8525 0008130 145.5998 214.5802 15.91263488950815
0 AIM
1 31304U 07015A   24218.21037298  .00548720  12008-3  17034-2 0  9990
2 31304  97.8826 201.2181 0008134 145.1778 215.0028 15.91567001950868
0 AIM
1 31304U 07015A   24218.52470777  .00489370  95278-4  14943-2 0  9999
2 31304  97.8822 201.5838 0008169 145.2302 214.9506 15.91884391950917
0 AIM
1 31304U 07015A   24218.90182607  .00450259  80799-4  13489-2 0  9993
2 31304  97.8818 202.0227 0008235 145.2566 214.9246 15.92252124950977
0 AIM
1 31304U 07015A   24218.90182607  .00450259  80799-4  13489-2 0  9993
2 31304  97.8818 202.0227 0008235 145.2566 214.9246 15.92252124950977
0 AIM
1 31304U 07015A   24219.46733887  .00490075  96709-4  14254-2 0  9996
2 31304  97.8813 202.6811 0008299 145.8151 214.3657 15.92823297951069
0 AIM
1 31304U 07015A   24219.46733887  .00490075  96709-4  14254-2 0  9996
2 31304  97.8813 202.6811 0008299 145.8151 214.3657 15.92823297951069
0 AIM
1 31304U 07015A   24219.90704219  .00520184  10996-3  14770-2 0  9993
2 31304  97.8811 203.1934 0008426 146.1633 214.0179 15.93284689951131
0 AIM
1 31304U 07015A   24219.90704219  .00520184  10996-3  14770-2 0  9993
2 31304  97.8811 203.1934 0008426 146.1633 214.0179 15.93284689951131
0 AIM
1 31304U 07015A   24220.47218925  .00538214  11890-3  14812-2 0  9995
2 31304  97.8802 203.8525 0008503 145.8294 214.3529 15.93880356951224
0 AIM
1 31304U 07015A   24220.84883303  .00590249  14491-3  15878-2 0  9993
2 31304  97.8795 204.2924 0008628 144.9847 215.1995 15.94314898951281
0 AIM
1 31304U 07015A   24220.84883303  .00590249  14491-3  15878-2 0  9993
2 31304  97.8795 204.2924 0008628 144.9847 215.1995 15.94314898951281
0 AIM
1 31304U 07015A   24221.91542683  .00626040  16689-3  15731-2 0  9993
2 31304  97.8786 205.5387 0008868 145.4269 214.7584 15.95594227951453
0 AIM
1 31304U 07015A   24222.54241060  .00666173  19261-3  16005-2 0  9993
2 31304  97.8780 206.2717 0008813 146.4522 213.7312 15.96431899951550
0 AIM
1 31304U 07015A   24222.54241060  .00666173  19261-3  16005-2 0  9993
2 31304  97.8780 206.2717 0008813 146.4522 213.7312 15.96431899951550
0 AIM
1 31304U 07015A   24222.85577224  .00745154  24650-3  17454-2 0  9995
2 31304  97.8778 206.6386 0008858 147.1319 213.0508 15.96910043951603
0 AIM
1 31304U 07015A   24222.91843381  .00719072  22860-3  16762-2 0  9994
2 31304  97.8778 206.7119 0008827 146.8275 213.3555 15.96994704951613
0 AIM
1 31304U 07015A   24222.91843381  .00719072  22860-3  16762-2 0  9994
2 31304  97.8778 206.7119 0008827 146.8275 213.3555 15.96994704951613
0 AIM
1 31304U 07015A   24223.48221829  .00767543  26654-3  17066-2 0  9993
2 31304  97.8773 207.3724 0008829 148.1433 212.0378 15.97864538951701
0 AIM
1 31304U 07015A   24223.48221829  .00767543  26654-3  17066-2 0  9993
2 31304  97.8773 207.3724 0008829 148.1433 212.0378 15.97864538951701
0 AIM
1 31304U 07015A   24223.85789462  .00850423  33669-3  18256-2 0  9992
2 31304  97.8771 207.8131 0008835 149.3335 210.8459 15.98516000951768
0 AIM
1 31304U 07015A   24223.92049232  .00849906  33683-3  18132-2 0  9997
2 31304  97.8773 207.8864 0008804 148.8431 211.3368 15.98628085951773
0 AIM
1 31304U 07015A   24223.92049232  .00849906  33683-3  18132-2 0  9997
2 31304  97.8773 207.8864 0008804 148.8431 211.3368 15.98628085951773
0 AIM
1 31304U 07015A   24224.42111067  .00968163  45675-3  19611-2 0  9993
2 31304  97.8767 208.4744 0008778 150.1676 210.0103 15.99585141951855
0 AIM
1 31304U 07015A   24224.85888917  .01104704  62641-3  21245-2 0  9997
2 31304  97.8764 208.9892 0008808 151.2942 208.8821 16.00545054951925
0 AIM
1 31304U 07015A   24224.92140804  .01068756  58184-3  20399-2 0  9993
2 31304  97.8763 209.0628 0008780 151.2721 208.9041 16.00666105951934
0 AIM
1 31304U 07015A   24225.23391757  .01164360  71821-3  21357-2 0  9999
2 31304  97.8760 209.4310 0008748 151.8906 208.2845 16.01396477951981
0 AIM
1 31304U 07015A   24225.42134894  .01169041  73115-3  20871-2 0  9996
2 31304  97.8756 209.6519 0008729 153.2847 206.8882 16.01867995952016
0 AIM
1 31304U 07015A   24225.42134894  .01169041  73115-3  20871-2 0  9996
2 31304  97.8756 209.6519 0008729 153.2847 206.8882 16.01867995952016
0 AIM
1 31304U 07015A   24225.67116298  .01434079  12098-2  24671-2 0  9991
2 31304  97.8754 209.9465 0008575 153.3379 206.8342 16.02635444952055
0 AIM
1 31304U 07015A   24225.92086312  .01605876  16336-2  26539-2 0  9991
2 31304  97.8750 210.2415 0008500 154.2461 205.9243 16.03433407952091
0 AIM
1 31304U 07015A   24226.23283342  .01354326  10858-2  21180-2 0  9999
2 31304  97.8747 210.6105 0008252 153.9714 206.1981 16.04222241952149
0 AIM
1 31304U 07015A   24226.41993157  .01260782  92272-3  19079-2 0  9998
2 31304  97.8744 210.8319 0008199 154.8728 205.2952 16.04728515952176
0 AIM
1 31304U 07015A   24226.41993157  .01260782  92272-3  19079-2 0  9998
2 31304  97.8744 210.8319 0008199 154.8728 205.2952 16.04728515952176
0 AIM
1 31304U 07015A   24226.91859485  .01349491  11174-2  18916-2 0  9993
2 31304  97.8737 211.4229 0008173 157.5638 202.6001 16.06043097952259
0 AIM
1 31304U 07015A   24226.91859785  .00466091  10459-3  66030-3 0  9998
2 31304  97.8700 211.4229 0006529 147.4334 212.7532 16.05636354952257
0 AIM
1 31304U 07015A   24227.23005638  .01543127  15944-2  20647-2 0  9997
2 31304  97.8733 211.7927 0008189 158.7623 201.3999 16.06925903952300
0 AIM
1 31304U 07015A   24227.74383667  .01576763  17447-2  19313-2 0  9994
2 31304  97.8740 212.4032 0008141 159.7062 291.8250 16.08381254952388
0 AIM
1 31304U 07015A   24228.37537007  .01669541  21363-2  18128-2 0  9995
2 31304  97.8713 213.1558 0007994 163.2632 344.6158 16.10371191952484
0 AIM
1 31304U 07015A   24228.74136488  .01738862  24733-2  17482-2 0  9993
2 31304  97.8706 213.5910 0008725 164.7958 304.2201 16.11621618952543
0 AIM
1 31304U 07015A   24228.91920273  .01817120  28594-2  17586-2 0  9994
2 31304  97.8706 213.8036 0008885 164.9202 255.3947 16.12293646952579
0 AIM
1 31304U 07015A   24229.73417060  .02158351  56235-2  17401-2 0  9994
2 31304  97.8709 214.7821 0008216 175.7062 296.3827 16.15706901952709
0 AIM
1 31304U 07015A   24229.73417060  .02157760  56174-2  17397-2 0  9993
2 31304  97.8709 214.7821 0008216 175.7062 296.3804 16.15705179952700
0 AIM
1 31304U 07015A   24230.47479365  .02557206  27223-5  14193-2 0  9998
2 31304  97.8661 215.6776 0006964 180.9758 280.8381 16.19405580952822
0 AIM
1 31304U 07015A   24230.72366554  .02764268  27284-5  13687-2 0  9993
2 31304  97.8652 215.9813 0008278 173.2572 299.1621 16.20868304952869
0 AIM
1 31304U 07015A   24230.83604054  .03506735  27422-5  16162-2 0  9994
2 31304  97.8673 216.1138 0008078 186.6204 221.2829 16.21788440952884
0 AIM
1 31304U 07015A   24231.40793424  .04207750  27766-5  13179-2 0  9990
2 31304  97.8629 216.8096 0007974 190.9454 318.3108 16.26475263952973
0 AIM
1 31304U 07015A   24231.69857594  .05236108  28026-5  12408-2 0  9994
2 31304  97.8612 217.1637 0008178 205.4457 206.1373 16.29601426953022
0 AIM
1 31304U 07015A   24232.06991390  .07686441  28633-5  10921-2 0  9992
2 31304  97.8628 217.6206 0007511 215.2704 216.6286 16.34863060953085
0 AIM
1 31304U 07015A   24232.26227848  .11974124  28740-5  10863-2 0  9991
2 31304  97.8502 217.8769 0005643 251.8975 232.7007 16.39029253953119
0 AIM
1 31304U 07015A   24232.50177551  .22339555  29440-5  37657-3 0  9997
2 31304  97.8504 218.1567 0008943 252.2283 207.7707 16.47607881953155
